"Time (s)","Latitude (°)","Longitude (°)","Altitude (m)","Altitude WGS84 (m)","Speed (m/s)","Direction (°)","Distance (km)","Horizontal Accuracy (m)","Vertical Accuracy (m)","Satellites"
4.843950272E-3,1.935569638E1,-9.916178735E1,2.255158333E3,2.247410836E3,NaN,NaN,2.304237012E-2,9.824953387E1,4.064961798E1,-1.000000000E0
7.490500212E-1,1.935584818E1,-9.916193686E1,2.255777356E3,2.248029906E3,NaN,NaN,3.098503687E-2,3.922203020E1,3.574284588E1,-1.000000000E0
3.461100698E0,1.935587069E1,-9.916186501E1,2.254391527E3,2.246644271E3,0.000000000E0,NaN,3.176919277E-2,3.270253655E1,5.523363495E1,-1.000000000E0
4.461080194E0,1.935586445E1,-9.916186152E1,2.256493913E3,2.248746649E3,3.690299392E-1,NaN,3.707223859E-2,2.497436619E1,3.000000000E0,-1.000000000E0
5.461058378E0,1.935586472E1,-9.916181097E1,2.256318774E3,2.248571610E3,3.690299392E-1,NaN,3.809036498E-2,1.702216791E1,3.000000000E0,-1.000000000E0
6.461037636E0,1.935587256E1,-9.916181598E1,2.256470463E3,2.248723307E3,4.961849749E-1,NaN,4.114525307E-2,1.251460989E1,3.000000000E0,-1.000000000E0
7.461017132E0,1.935589212E1,-9.916179554E1,2.256174194E3,2.248427123E3,6.428848505E-1,NaN,4.263577110E-2,1.011669424E1,3.000000000E0,-1.000000000E0
8.460996151E0,1.935590281E1,-9.916178695E1,2.256131139E3,2.248384108E3,3.595316410E-1,NaN,4.362673104E-2,8.162784270E0,3.000000000E0,-1.000000000E0
9.236113310E0,1.935590368E1,-9.916179635E1,2.256106559E3,2.248359512E3,1.630144864E-1,NaN,4.442222029E-2,4.495895377E0,3.000000000E0,-1.000000000E0
1.023612142E1,1.935590755E1,-9.916178998E1,2.255780693E3,2.248033668E3,3.374015391E-1,NaN,4.587797324E-2,3.501728498E0,3.000000000E0,-1.000000000E0
1.123609698E1,1.935591475E1,-9.916177839E1,2.255677189E3,2.247930203E3,3.374015391E-1,6.554157320E1,4.858277452E-2,3.315688282E0,3.000000000E0,-1.000000000E0
1.223616111E1,1.935592394E1,-9.916175452E1,2.255382395E3,2.247635477E3,1.045103073E0,7.077477535E1,5.162498581E-2,3.159956487E0,3.000000000E0,-1.000000000E0
1.323621678E1,1.935593127E1,-9.916172658E1,2.254777492E3,2.247030645E3,2.733636141E0,8.044109129E1,5.544234684E-2,2.928396921E0,3.000000000E0,-1.000000000E0
1.423625147E1,1.935593720E1,-9.916169074E1,2.254540535E3,2.246793773E3,3.264715672E0,8.017414701E1,5.885613637E-2,2.942319355E0,3.000000000E0,-1.000000000E0
1.523630965E1,1.935594415E1,-9.916165905E1,2.254260905E3,2.246514221E3,3.264715672E0,7.783038125E1,6.211580483E-2,2.914692134E0,3.000000000E0,-1.000000000E0
1.623636997E1,1.935595037E1,-9.916162868E1,2.254260905E3,2.246514295E3,3.264715672E0,7.783039132E1,6.646253777E-2,4.748651530E0,3.910109062E0,-1.000000000E0
1.723639679E1,1.935595465E1,-9.916158750E1,2.254001581E3,2.246255062E3,3.664784670E0,8.041516846E1,7.100568122E-2,1.424595459E1,1.193283892E1,-1.000000000E0
1.823644388E1,1.935595684E1,-9.916154426E1,2.253810002E3,2.246063573E3,4.075675964E0,8.456934555E1,7.616891931E-2,1.424595459E1,1.269069286E1,-1.000000000E0
1.923648858E1,1.935596455E1,-9.916149572E1,2.253687072E3,2.245940756E3,4.461647987E0,7.889754382E1,8.106870448E-2,1.424595459E1,1.265077549E1,-1.000000000E0
2.023650956E1,1.935597855E1,-9.916145144E1,2.253579854E3,2.245833657E3,4.357494831E0,7.656126351E1,8.581884936E-2,1.424595459E1,1.278153465E1,-1.000000000E0
2.123655152E1,1.935598530E1,-9.916140673E1,2.253482165E3,2.245736072E3,4.357494831E0,7.964075007E1,8.974246021E-2,1.424595459E1,1.258258494E1,-1.000000000E0
2.223659086E1,1.935599594E1,-9.916137107E1,2.253331352E3,2.245585353E3,4.237209797E0,7.679327102E1,9.471800387E-2,1.424595459E1,1.206436383E1,-1.000000000E0
2.323660398E1,1.935600955E1,-9.916132589E1,2.253340277E3,2.245594398E3,4.329815388E0,7.568260735E1,9.904720321E-2,1.424595459E1,1.843734714E1,-1.000000000E0
2.423661435E1,1.935601312E1,-9.916128480E1,2.253161113E3,2.245415323E3,4.329815388E0,7.510442497E1,1.041231558E-1,1.424595459E1,1.559736307E1,-1.000000000E0
2.523662198E1,1.935602714E1,-9.916123875E1,2.253226009E3,2.245480341E3,4.470816612E0,7.310407459E1,1.090675027E-1,1.424595459E1,1.919365451E1,-1.000000000E0
2.623662829E1,1.935603745E1,-9.916119291E1,2.253173621E3,2.245428067E3,4.739521503E0,7.750321612E1,1.139062257E-1,1.424595459E1,1.520928176E1,-1.000000000E0
2.723663342E1,1.935604321E1,-9.916114719E1,2.253323530E3,2.245578080E3,4.789138794E0,8.004015357E1,1.191648702E-1,1.424595459E1,1.446395417E1,-1.000000000E0
2.823663759E1,1.935605322E1,-9.916109820E1,2.253691662E3,2.245946331E3,4.739521503E0,7.819385757E1,1.245839273E-1,1.424595459E1,1.389387261E1,-1.000000000E0
2.923663986E1,1.935606293E1,-9.916104758E1,2.253477394E3,2.245732185E3,4.789138794E0,7.744983834E1,1.295384544E-1,1.424595459E1,1.730782036E1,-1.000000000E0
3.023664021E1,1.935607332E1,-9.916100165E1,2.253682324E3,2.245937228E3,4.899180889E0,7.839617511E1,1.349704784E-1,1.424595459E1,1.431784023E1,-1.000000000E0
3.123663902E1,1.935608652E1,-9.916095180E1,2.253861241E3,2.246116274E3,5.090386868E0,7.625382526E1,1.400995183E-1,1.424595459E1,1.770082268E1,-1.000000000E0
3.223663723E1,1.935609806E1,-9.916090447E1,2.254109795E3,2.246364947E3,5.090386868E0,7.692835430E1,1.457702855E-1,1.424595459E1,1.395617266E1,-1.000000000E0
3.323663414E1,1.935610624E1,-9.916085111E1,2.254074752E3,2.246330028E3,5.302788734E0,8.076087676E1,1.511587987E-1,1.424595459E1,1.349576164E1,-1.000000000E0
3.423663080E1,1.935611551E1,-9.916080070E1,2.254164700E3,2.246420096E3,5.302788734E0,8.151001877E1,1.566131487E-1,1.424595459E1,1.392275406E1,-1.000000000E0
3.523662901E1,1.935612657E1,-9.916075005E1,2.254023592E3,2.246279114E3,5.221944809E0,7.895600576E1,1.615546610E-1,1.424595459E1,1.425016530E1,-1.000000000E0
3.623661947E1,1.935613394E1,-9.916070360E1,2.255379631E3,2.247635261E3,5.434263300E0,7.555349037E1,1.669807067E-1,8.000000039E0,3.893236985E0,-1.000000000E0
3.723661375E1,1.935613401E1,-9.916065187E1,2.255145146E3,2.247400878E3,5.279891532E0,8.110302770E1,1.728860020E-1,8.000000041E0,3.955372411E0,-1.000000000E0
3.823660529E1,1.935614994E1,-9.916059818E1,2.255182687E3,2.247438561E3,5.284936460E0,7.670095999E1,1.784382346E-1,8.000000053E0,4.091644361E0,-1.000000000E0
3.923659897E1,1.935616139E1,-9.916054667E1,2.255297378E3,2.247553379E3,5.258023337E0,7.708881347E1,1.837648049E-1,8.000000071E0,3.985824290E0,-1.000000000E0
4.023658884E1,1.935616921E1,-9.916049657E1,2.254984815E3,2.247240933E3,5.124448123E0,7.876774178E1,1.902049479E-1,8.000000077E0,3.989023917E0,-1.000000000E0
4.123657906E1,1.935618118E1,-9.916043651E1,2.255091175E3,2.247347439E3,5.684386540E0,7.895105128E1,1.961087117E-1,8.000000096E0,3.935161688E0,-1.000000000E0
4.223656929E1,1.935619323E1,-9.916038171E1,2.254604641E3,2.246861040E3,5.548444259E0,7.771546231E1,2.018658165E-1,8.000000088E0,3.858518224E0,-1.000000000E0
4.323655951E1,1.935620625E1,-9.916032859E1,2.253735351E3,2.245991884E3,5.460543746E0,7.659727122E1,2.072939597E-1,8.000000080E0,3.788825529E0,-1.000000000E0
4.423654699E1,1.935621479E1,-9.916027765E1,2.253458597E3,2.245715250E3,5.199709051E0,7.809122966E1,2.130813502E-1,8.000000076E0,3.852730994E0,-1.000000000E0
4.523653603E1,1.935622670E1,-9.916022395E1,2.253514148E3,2.245770934E3,5.414436877E0,7.705578673E1,2.191533426E-1,8.000000079E0,3.895913890E0,-1.000000000E0
4.623652303E1,1.935624156E1,-9.916016825E1,2.253881840E3,2.246138770E3,5.630295681E0,7.716696706E1,2.252534073E-1,8.000000091E0,4.052786312E0,-1.000000000E0
4.723651206E1,1.935624333E1,-9.916011014E1,2.253846044E3,2.246103092E3,5.562279223E0,8.276245307E1,2.313672568E-1,8.000000086E0,4.109465693E0,-1.000000000E0
4.823649752E1,1.935625411E1,-9.916005299E1,2.253798799E3,2.246055984E3,5.670045663E0,8.272804778E1,2.374397830E-1,8.000000083E0,4.180570410E0,-1.000000000E0
4.923648417E1,1.935626811E1,-9.915999704E1,2.253905133E3,2.246162461E3,5.813915891E0,7.899130690E1,2.439024452E-1,8.000000113E0,3.941859737E0,-1.000000000E0
5.023646998E1,1.935629018E1,-9.915994005E1,2.253935190E3,2.246192679E3,5.931499462E0,7.121151247E1,2.497452949E-1,8.000000106E0,4.026509521E0,-1.000000000E0
5.123645663E1,1.935630124E1,-9.915988561E1,2.254356788E3,2.246614410E3,5.803682904E0,7.473928494E1,2.551261571E-1,8.000000069E0,3.870486809E0,-1.000000000E0
5.223644257E1,1.935631283E1,-9.915983581E1,2.254201455E3,2.246459201E3,6.307947023E0,7.675842675E1,2.613131708E-1,8.000000182E0,6.498033712E0,-1.000000000E0
5.323642731E1,1.935632804E1,-9.915977908E1,2.253760306E3,2.246018198E3,6.313181589E0,7.466546507E1,2.675574895E-1,7.999999953E0,6.141695500E0,-1.000000000E0
5.423641181E1,1.935634439E1,-9.915972214E1,2.253447404E3,2.245705446E3,6.142515775E0,7.458332982E1,2.740838099E-1,7.999999887E0,6.300313549E0,-1.000000000E0
5.523639691E1,1.935636529E1,-9.915966401E1,2.253469268E3,2.245727472E3,6.120613263E0,7.153035087E1,2.798611764E-1,7.999999853E0,6.445154086E0,-1.000000000E0
5.623638177E1,1.935637444E1,-9.915960980E1,2.253024644E3,2.245282975E3,5.755903666E0,7.580836917E1,2.867118409E-1,7.999999794E0,6.349976681E0,-1.000000000E0
5.723636532E1,1.935638823E1,-9.915954616E1,2.252943540E3,2.245202028E3,6.333323576E0,7.718847760E1,2.926454641E-1,7.999999714E0,6.354577453E0,-1.000000000E0
5.823634899E1,1.935640709E1,-9.915949325E1,2.253491293E3,2.245749929E3,5.975760090E0,7.458174688E1,2.983854887E-1,7.999999733E0,6.366848554E0,-1.000000000E0
5.923633397E1,1.935642351E1,-9.915944138E1,2.253349805E3,2.245608580E3,5.534693506E0,7.375789801E1,3.052361937E-1,7.999999829E0,6.223514063E0,-1.000000000E0
6.023631680E1,1.935642587E1,-9.915937612E1,2.253140461E3,2.245399370E3,5.835964261E0,8.180069292E1,3.125404424E-1,8.000000025E0,6.208731765E0,-1.000000000E0
6.123630118E1,1.935642546E1,-9.915930650E1,2.253263801E3,2.245522846E3,6.882678681E0,8.782214111E1,3.197583389E-1,8.000000000E0,6.353546355E0,-1.000000000E0
6.223628306E1,1.935642910E1,-9.915923781E1,2.252909098E3,2.245168287E3,6.973485678E0,8.663174234E1,3.250487533E-1,8.000000114E0,5.254116730E0,-1.000000000E0
6.323626649E1,1.935644293E1,-9.915918956E1,2.253668782E3,2.245928097E3,6.137918070E0,8.060956356E1,3.306780263E-1,8.000000054E0,5.996698633E0,-1.000000000E0
6.423624957E1,1.935645958E1,-9.915913888E1,2.253901708E3,2.246161161E3,5.818907143E0,7.540136751E1,3.354757187E-1,8.000000054E0,6.092389838E0,-1.000000000E0
6.523623264E1,1.935646891E1,-9.915909423E1,2.253963568E3,2.246223130E3,5.196993837E0,7.423113021E1,3.409100476E-1,8.000000102E0,6.369631120E0,-1.000000000E0
6.623621476E1,1.935647404E1,-9.915904272E1,2.253848988E3,2.246108664E3,5.120857372E0,7.971960473E1,3.470493107E-1,7.999999967E0,6.288381815E0,-1.000000000E0
6.723619688E1,1.935648595E1,-9.915898558E1,2.253716016E3,2.245975831E3,5.486595668E0,7.934245266E1,3.527415451E-1,7.999999971E0,6.175991124E0,-1.000000000E0
6.823618066E1,1.935649819E1,-9.915893289E1,2.253775594E3,2.246035541E3,5.516769772E0,7.777655626E1,3.586046589E-1,7.999999938E0,6.254453405E0,-1.000000000E0
6.923616195E1,1.935651010E1,-9.915887845E1,2.253727843E3,2.245987924E3,5.602091557E0,7.756148731E1,3.637989792E-1,7.999999760E0,6.521498113E0,-1.000000000E0
7.023614383E1,1.935652194E1,-9.915883056E1,2.253724546E3,2.245984748E3,5.205293240E0,7.683403389E1,3.684713650E-1,7.999999765E0,6.524944939E0,-1.000000000E0
7.123612583E1,1.935652916E1,-9.915878668E1,2.253253563E3,2.245513868E3,4.772810915E0,7.841614840E1,3.734615352E-1,7.999999800E0,6.435667369E0,-1.000000000E0
7.223610795E1,1.935653968E1,-9.915874044E1,2.253625327E3,2.245885747E3,4.747973413E0,7.742962906E1,3.795054877E-1,7.999999847E0,6.716641183E0,-1.000000000E0
7.323609042E1,1.935654956E1,-9.915868379E1,2.253658270E3,2.245918824E3,5.196150242E0,7.903517834E1,3.854106151E-1,7.999999855E0,6.765806066E0,-1.000000000E0
7.423607278E1,1.935656395E1,-9.915862961E1,2.253394081E3,2.245654775E3,5.457294461E0,7.678201890E1,3.910541922E-1,7.999999832E0,6.588609424E0,-1.000000000E0
7.523605418E1,1.935657587E1,-9.915857732E1,2.253241699E3,2.245502523E3,5.432328557E0,7.626979709E1,3.970049945E-1,7.999999854E0,6.576233469E0,-1.000000000E0
7.623604035E1,1.935659266E1,-9.915852346E1,2.253171720E3,2.245432689E3,5.616337461E0,7.235041072E1,4.028466009E-1,7.999999809E0,6.765421777E0,-1.000000000E0
7.723601711E1,1.935660770E1,-9.915847011E1,2.253294200E3,2.245555307E3,5.611978455E0,7.188309453E1,4.086358466E-1,7.999999794E0,6.564074570E0,-1.000000000E0
7.823599970E1,1.935662066E1,-9.915841666E1,2.253401872E3,2.245663114E3,5.628421468E0,7.412354244E1,4.145808078E-1,7.999999788E0,6.516909232E0,-1.000000000E0
7.923598039E1,1.935663171E1,-9.915836122E1,2.252853578E3,2.245114955E3,5.713513059E0,7.653914903E1,4.202880524E-1,7.999999791E0,6.360774323E0,-1.000000000E0
8.023596239E1,1.935665073E1,-9.915831069E1,2.252867401E3,2.245128920E3,5.601711184E0,7.306064930E1,4.264711349E-1,7.999999812E0,6.323003484E0,-1.000000000E0
8.123594296E1,1.935665928E1,-9.915825245E1,2.253317794E3,2.245579447E3,5.735686439E0,7.740865457E1,4.326745532E-1,7.999999871E0,6.337491896E0,-1.000000000E0
8.223592496E1,1.935665444E1,-9.915819354E1,2.253036898E3,2.245298657E3,5.924702336E0,8.768210008E1,4.379909515E-1,7.999999921E0,6.266029656E0,-1.000000000E0
8.323590577E1,1.935666330E1,-9.915814374E1,2.253177915E3,2.245439791E3,5.690426652E0,8.420145704E1,4.437057391E-1,7.999999901E0,6.233333736E0,-1.000000000E0
8.423588729E1,1.935666991E1,-9.915808972E1,2.253166400E3,2.245428399E3,5.612420342E0,8.355876160E1,4.490554071E-1,7.999999906E0,6.181244592E0,-1.000000000E0
8.523586869E1,1.935667100E1,-9.915803874E1,2.253143105E3,2.245405207E3,5.394821219E0,8.646849955E1,4.546726546E-1,8.000000033E0,6.202957728E0,-1.000000000E0
8.623584950E1,1.935667981E1,-9.915798602E1,2.253322710E3,2.245584936E3,5.425898594E0,8.351045881E1,4.597942145E-1,8.000000098E0,6.237424476E0,-1.000000000E0
8.723583066E1,1.935669626E1,-9.915794042E1,2.253050004E3,2.245312356E3,5.125462526E0,7.627681349E1,4.634925167E-1,8.000000038E0,6.371614133E0,-1.000000000E0
8.823581266E1,1.935669638E1,-9.915790517E1,2.253248100E3,2.245510522E3,4.249570072E0,8.096934214E1,4.681248782E-1,8.000000012E0,6.642787329E0,-1.000000000E0
8.923579335E1,1.935669798E1,-9.915786104E1,2.253108843E3,2.245371356E3,4.295258782E0,8.287075401E1,4.734171823E-1,8.000000033E0,6.740212271E0,-1.000000000E0
9.023577476E1,1.935671103E1,-9.915781253E1,2.252885338E3,2.245147976E3,4.714009215E0,7.716791212E1,4.787132542E-1,7.999999885E0,6.593241766E0,-1.000000000E0
9.123575664E1,1.935672549E1,-9.915776443E1,2.253135293E3,2.245398059E3,4.962830631E0,7.337440994E1,4.840383219E-1,7.999999931E0,6.502945878E0,-1.000000000E0
9.223573661E1,1.935673608E1,-9.915771493E1,2.252836986E3,2.245099873E3,5.135182833E0,7.546042332E1,4.896297887E-1,7.999999920E0,6.457160070E0,-1.000000000E0
9.323571765E1,1.935674848E1,-9.915766328E1,2.252933444E3,2.245196461E3,5.335713186E0,7.665322003E1,4.952279217E-1,7.999999969E0,6.356634101E0,-1.000000000E0
9.423569846E1,1.935675686E1,-9.915761066E1,2.253117179E3,2.245380319E3,5.479359863E0,7.847577924E1,5.008912013E-1,8.000000028E0,6.439562824E0,-1.000000000E0
9.523567963E1,1.935676544E1,-9.915755745E1,2.253404393E3,2.245667657E3,5.618791463E0,7.895805114E1,5.059288818E-1,8.000000045E0,6.606331239E0,-1.000000000E0
9.623566091E1,1.935677519E1,-9.915751056E1,2.253623623E3,2.245887002E3,5.354181289E0,7.730740806E1,5.112508463E-1,8.000000039E0,6.453513820E0,-1.000000000E0
9.723564231E1,1.935678854E1,-9.915746184E1,2.253233093E3,2.245496598E3,5.175100770E0,7.600586789E1,5.168901276E-1,8.000000039E0,6.209843753E0,-1.000000000E0
9.823562324E1,1.935678668E1,-9.915740812E1,2.252653147E3,2.244916754E3,5.273888749E0,8.544181174E1,5.221968283E-1,8.000000044E0,6.276905301E0,-1.000000000E0
9.923560405E1,1.935679145E1,-9.915735779E1,2.253164854E3,2.245428572E3,5.190479554E0,8.715569027E1,5.290680777E-1,8.000000093E0,6.357547705E0,-1.000000000E0
1.002355846E2,1.935681245E1,-9.915729619E1,2.252821513E3,2.245085399E3,5.887641280E0,7.719911670E1,5.346461773E-1,7.999999880E0,6.376905439E0,-1.000000000E0
1.012355649E2,1.935682623E1,-9.915724506E1,2.253057610E3,2.245321628E3,5.623777897E0,7.635733329E1,5.411772971E-1,7.999999863E0,6.413585448E0,-1.000000000E0
1.022355461E2,1.935684084E1,-9.915718477E1,2.253462086E3,2.245726256E3,5.954129876E0,7.463881436E1,5.473902426E-1,8.000000006E0,6.434962640E0,-1.000000000E0
1.032355272E2,1.935684889E1,-9.915712616E1,2.253479996E3,2.245744300E3,5.974160897E0,7.745597744E1,5.528489408E-1,7.999999932E0,6.678158529E0,-1.000000000E0
1.042355086E2,1.935685590E1,-9.915707466E1,2.253921414E3,2.246185835E3,5.549995300E0,8.037894014E1,5.593527011E-1,8.000000168E0,7.071244847E0,-1.000000000E0
1.052354891E2,1.935687257E1,-9.915701524E1,2.253482498E3,2.245747074E3,5.985305037E0,7.898621542E1,5.654158847E-1,8.000000175E0,7.154819801E0,-1.000000000E0
1.062354702E2,1.935688313E1,-9.915695854E1,2.253255534E3,2.245520246E3,5.923269368E0,7.909482894E1,5.715897012E-1,8.000000065E0,6.532111675E0,-1.000000000E0
1.072354507E2,1.935689265E1,-9.915690056E1,2.253156033E3,2.245420881E3,5.990326973E0,7.949997768E1,5.779896657E-1,8.000000137E0,6.752243124E0,-1.000000000E0
1.082354319E2,1.935690536E1,-9.915684106E1,2.252359205E3,2.244624199E3,6.176883160E0,7.874834380E1,5.838227467E-1,8.000000173E0,6.771987830E0,-1.000000000E0
1.092354127E2,1.935691612E1,-9.915678664E1,2.252911470E3,2.245176596E3,5.857347003E0,7.883472067E1,5.905002092E-1,8.000000142E0,6.524601210E0,-1.000000000E0
1.102353933E2,1.935692952E1,-9.915672460E1,2.253153068E3,2.245418346E3,6.106544489E0,7.833295631E1,5.969868807E-1,8.000000184E0,6.500140225E0,-1.000000000E0
1.112353746E2,1.935693978E1,-9.915666373E1,2.253099874E3,2.245365295E3,6.152613039E0,7.954069262E1,6.036284683E-1,8.000000079E0,6.366790329E0,-1.000000000E0
1.122353549E2,1.935695147E1,-9.915660165E1,2.253194742E3,2.245460313E3,6.246334965E0,7.903944727E1,6.098705153E-1,8.000000080E0,6.401694019E0,-1.000000000E0
1.132353350E2,1.935696178E1,-9.915654316E1,2.253360487E3,2.245626196E3,6.122867790E0,7.849151837E1,6.165221215E-1,8.000000019E0,6.202778482E0,-1.000000000E0
1.142353168E2,1.935697877E1,-9.915648237E1,2.252843219E3,2.245109087E3,6.228505915E0,7.655965868E1,6.231608583E-1,7.999999951E0,6.264790283E0,-1.000000000E0
1.152352970E2,1.935699457E1,-9.915642134E1,2.252855597E3,2.245121620E3,6.343753626E0,7.627680975E1,6.296452204E-1,8.000000026E0,6.161761933E0,-1.000000000E0
1.162352780E2,1.935700455E1,-9.915636045E1,2.252802969E3,2.245069135E3,6.381168380E0,7.892391849E1,6.356197679E-1,8.000000034E0,6.173394726E0,-1.000000000E0
1.172352582E2,1.935701328E1,-9.915630425E1,2.252693470E3,2.244959767E3,6.141018389E0,8.081612258E1,6.420109317E-1,8.000000019E0,6.145012904E0,-1.000000000E0
1.182352394E2,1.935702630E1,-9.915624492E1,2.252627695E3,2.244894139E3,6.208346580E0,7.925519325E1,6.481585381E-1,8.000000055E0,6.069232662E0,-1.000000000E0
1.192352210E2,1.935704161E1,-9.915618861E1,2.252917961E3,2.245184550E3,6.174862624E0,7.694171302E1,6.538863897E-1,8.000000035E0,6.013520596E0,-1.000000000E0
1.202352004E2,1.935704750E1,-9.915613437E1,2.252357824E3,2.244624534E3,5.940379109E0,7.966346915E1,6.610180199E-1,7.999999921E0,6.172190709E0,-1.000000000E0
1.212351813E2,1.935706161E1,-9.915606805E1,2.253013064E3,2.245279936E3,6.412357390E0,7.971297819E1,6.674889838E-1,8.000000027E0,6.193006278E0,-1.000000000E0
1.222351626E2,1.935707601E1,-9.915600829E1,2.252162803E3,2.244429825E3,6.383862351E0,7.822594453E1,6.740739737E-1,8.000000053E0,6.168841329E0,-1.000000000E0
1.232351440E2,1.935709240E1,-9.915594797E1,2.251822402E3,2.244089581E3,6.402711304E0,7.666016756E1,6.800082528E-1,7.999999928E0,6.412710000E0,-1.000000000E0
1.242351248E2,1.935710185E1,-9.915589230E1,2.251881719E3,2.244149029E3,6.119154635E0,7.789681208E1,6.860584393E-1,7.999999933E0,6.671544354E0,-1.000000000E0
1.252351042E2,1.935711401E1,-9.915583609E1,2.252655836E3,2.244923284E3,5.968051725E0,7.792608163E1,6.921280251E-1,8.000000109E0,6.679918843E0,-1.000000000E0
1.262350851E2,1.935712766E1,-9.915578007E1,2.252988511E3,2.245256100E3,5.903384000E0,7.752734871E1,6.985572937E-1,8.000000231E0,6.640147207E0,-1.000000000E0
1.272350672E2,1.935714093E1,-9.915572042E1,2.252615339E3,2.244883076E3,6.094799021E0,7.754968089E1,7.043598815E-1,8.000000177E0,6.688957673E0,-1.000000000E0
1.282350476E2,1.935715279E1,-9.915566656E1,2.252490372E3,2.244758242E3,5.913842329E0,7.778392692E1,7.103618310E-1,8.000000154E0,6.490354835E0,-1.000000000E0
1.292350281E2,1.935716180E1,-9.915561015E1,2.252209471E3,2.244477472E3,5.859216832E0,7.914486824E1,7.169695388E-1,8.000000124E0,6.421608956E0,-1.000000000E0
1.302350085E2,1.935716911E1,-9.915554765E1,2.252286795E3,2.244554936E3,6.118358300E0,8.130799730E1,7.235926471E-1,8.000000064E0,6.354459379E0,-1.000000000E0
1.312349898E2,1.935718472E1,-9.915548672E1,2.252804528E3,2.245072825E3,6.323084690E0,7.884113071E1,7.297672540E-1,8.000000008E0,6.401749646E0,-1.000000000E0
1.322349699E2,1.935719610E1,-9.915542911E1,2.252850421E3,2.245118857E3,6.190267995E0,7.845415202E1,7.357582336E-1,7.999999993E0,6.364389306E0,-1.000000000E0
1.332349505E2,1.935721012E1,-9.915537398E1,2.252594144E3,2.244862721E3,6.068425273E0,7.664699982E1,7.415617697E-1,7.999999914E0,6.411610099E0,-1.000000000E0
1.342349327E2,1.935722101E1,-9.915531987E1,2.252708245E3,2.244976954E3,5.863215992E0,7.782978783E1,7.476860315E-1,8.000000067E0,6.387640198E0,-1.000000000E0
1.352368861E2,1.935722811E1,-9.915526198E1,2.252851077E3,2.245119915E3,5.922742262E0,8.041144279E1,7.537849290E-1,8.000000115E0,6.254799630E0,-1.000000000E0
1.362368932E2,1.935723790E1,-9.915520478E1,2.252681107E3,2.244950081E3,5.964731081E0,7.953952515E1,7.599972466E-1,8.000000161E0,6.221446299E0,-1.000000000E0
1.372368770E2,1.935724826E1,-9.915514659E1,2.252437642E3,2.244706754E3,5.998046827E0,7.912569241E1,7.659688816E-1,8.000000015E0,6.427361911E0,-1.000000000E0
1.382368858E2,1.935725892E1,-9.915509080E1,2.251435031E3,2.243704277E3,5.894748118E0,7.866008269E1,7.717662304E-1,7.999999985E0,6.447317796E0,-1.000000000E0
1.392368965E2,1.935727250E1,-9.915503745E1,2.251620346E3,2.243889727E3,5.758420388E0,7.701788335E1,7.778986006E-1,7.999999920E0,6.802410971E0,-1.000000000E0
1.402368816E2,1.935728197E1,-9.915497986E1,2.251606809E3,2.243876326E3,5.868179822E0,7.916899765E1,7.848485476E-1,7.999999817E0,6.723245194E0,-1.000000000E0
1.412368963E2,1.935729805E1,-9.915491585E1,2.252272245E3,2.244541925E3,6.408258951E0,7.651193042E1,7.902562803E-1,7.999999908E0,6.455592811E0,-1.000000000E0
1.422369115E2,1.935730847E1,-9.915486550E1,2.252337277E3,2.244607079E3,5.857716373E0,7.749814695E1,7.963679701E-1,7.999999992E0,6.312817336E0,-1.000000000E0
1.432369010E2,1.935731971E1,-9.915480847E1,2.251932996E3,2.244202936E3,5.976162735E0,7.811779190E1,8.023122616E-1,8.000000033E0,6.357603871E0,-1.000000000E0
1.442369163E2,1.935733013E1,-9.915475290E1,2.252004841E3,2.244274914E3,5.957850123E0,7.851751338E1,8.082901982E-1,7.999999999E0,6.353009303E0,-1.000000000E0
1.452369330E2,1.935733881E1,-9.915469666E1,2.251919599E3,2.244189803E3,5.913323906E0,8.028420761E1,8.140780949E-1,8.000000070E0,6.302293687E0,-1.000000000E0
1.462369215E2,1.935734771E1,-9.915464230E1,2.251780106E3,2.244050437E3,5.617167478E0,8.039455593E1,8.203871237E-1,7.999999978E0,6.560810942E0,-1.000000000E0
1.472369403E2,1.935735182E1,-9.915458232E1,2.251583735E3,2.243854194E3,5.910226670E0,8.365952567E1,8.260600765E-1,7.999999878E0,7.179238093E0,-1.000000000E0
1.482369552E2,1.935735873E1,-9.915452875E1,2.251492840E3,2.243763420E3,5.607963077E0,8.083648423E1,8.317364219E-1,7.999999942E0,7.043060621E0,-1.000000000E0
1.492369456E2,1.935736758E1,-9.915447546E1,2.251895807E3,2.244166512E3,5.458883920E0,8.036695226E1,8.376080087E-1,8.000000055E0,7.008646272E0,-1.000000000E0
1.502369324E2,1.935738176E1,-9.915442155E1,2.252023164E3,2.244294007E3,5.667196443E0,7.692111991E1,8.421290801E-1,8.000000240E0,6.666689831E0,-1.000000000E0
1.512369181E2,1.935739715E1,-9.915438165E1,2.252782871E3,2.245053828E3,4.931853874E0,7.182431539E1,8.472515917E-1,8.000000259E0,6.272741322E0,-1.000000000E0
1.522369050E2,1.935740368E1,-9.915433332E1,2.252770231E3,2.245041298E3,4.850085707E0,7.676863486E1,8.527056890E-1,8.000000202E0,6.384454518E0,-1.000000000E0
1.532368907E2,1.935742015E1,-9.915428435E1,2.252761277E3,2.245032478E3,5.213793756E0,7.475756013E1,8.577491431E-1,8.000000285E0,6.695254845E0,-1.000000000E0
1.542368762E2,1.935742514E1,-9.915423657E1,2.252674159E3,2.244945466E3,5.136410755E0,8.101439346E1,8.624702497E-1,8.000000181E0,6.489850430E0,-1.000000000E0
1.552368610E2,1.935743406E1,-9.915419257E1,2.252655816E3,2.244927229E3,4.735086190E0,8.079518500E1,8.676397988E-1,8.000000129E0,6.503089307E0,-1.000000000E0
1.562368463E2,1.935745221E1,-9.915414721E1,2.253418917E3,2.245690461E3,4.746300847E0,7.165266593E1,8.722503222E-1,8.000000162E0,6.074466643E0,-1.000000000E0
1.572368308E2,1.935745620E1,-9.915410346E1,2.252994592E3,2.245266231E3,4.645899167E0,7.776457511E1,8.764883956E-1,8.000000199E0,6.288475925E0,-1.000000000E0
1.582368152E2,1.935746651E1,-9.915406457E1,2.253180063E3,2.245451802E3,4.462281859E0,7.959363907E1,8.798168327E-1,8.000000146E0,6.672575126E0,-1.000000000E0
1.592367990E2,1.935747164E1,-9.915403331E1,2.252945480E3,2.245217293E3,3.504984962E0,8.015449717E1,8.840826761E-1,8.000000068E0,6.499635608E0,-1.000000000E0
1.602367836E2,1.935748105E1,-9.915399389E1,2.253244813E3,2.245516724E3,3.700204271E0,7.845147842E1,8.881171261E-1,8.000000099E0,6.640317147E0,-1.000000000E0
1.612367672E2,1.935748792E1,-9.915395613E1,2.252872832E3,2.245144834E3,3.870003623E0,7.867965721E1,8.915570531E-1,8.000000173E0,6.883788481E0,-1.000000000E0
1.622367517E2,1.935749313E1,-9.915392381E1,2.253638514E3,2.245910592E3,3.581901244E0,8.056124880E1,8.952881533E-1,8.000000170E0,6.762002570E0,-1.000000000E0
1.632367353E2,1.935749582E1,-9.915388836E1,2.253632352E3,2.245904505E3,3.621845746E0,8.528844288E1,8.973866530E-1,8.000000056E0,6.696000098E0,-1.000000000E0
1.642367188E2,1.935749745E1,-9.915386843E1,2.253716833E3,2.245989029E3,2.531453494E0,8.400975383E1,9.007225861E-1,8.000000006E0,6.241584988E0,-1.000000000E0
1.652367018E2,1.935749469E1,-9.915383677E1,2.253146872E3,2.245419124E3,2.726927868E0,9.068766465E1,9.035250780E-1,7.999999905E0,6.327900641E0,-1.000000000E0
1.662366859E2,1.935749253E1,-9.915381015E1,2.252905244E3,2.245177544E3,2.565001051E0,9.091337087E1,9.062548394E-1,7.999999844E0,7.050243592E0,-1.000000000E0
1.672366689E2,1.935749210E1,-9.915378414E1,2.253704188E3,2.245976539E3,2.520051565E0,9.162545324E1,9.092070957E-1,7.999999893E0,6.756777153E0,-1.000000000E0
1.682366518E2,1.935749260E1,-9.915375600E1,2.253896674E3,2.246169081E3,2.679018701E0,9.087037965E1,9.115237847E-1,7.999999883E0,6.592600773E0,-1.000000000E0
1.692366350E2,1.935749273E1,-9.915373392E1,2.254099943E3,2.246372394E3,2.354828138E0,9.013799378E1,9.135865535E-1,7.999999837E0,6.751538454E0,-1.000000000E0
1.702366177E2,1.935749732E1,-9.915371487E1,2.254475979E3,2.246748478E3,1.949534426E0,8.393090441E1,9.152748058E-1,7.999999832E0,6.910368689E0,-1.000000000E0
1.712366008E2,1.935750037E1,-9.915369910E1,2.254355349E3,2.246627885E3,1.548809731E0,8.038504683E1,9.182048524E-1,7.999999810E0,7.670769279E0,-1.000000000E0
1.722365834E2,1.935750246E1,-9.915367126E1,2.254857658E3,2.247130254E3,2.224242011E0,8.393678882E1,9.205898770E-1,7.999999731E0,7.903985306E0,-1.000000000E0
1.732365656E2,1.935750619E1,-9.915364887E1,2.254981144E3,2.247253793E3,2.333769173E0,8.411662789E1,9.231625335E-1,7.999999730E0,7.836123298E0,-1.000000000E0
1.742365485E2,1.935750448E1,-9.915362442E1,2.255442689E3,2.247715382E3,2.260799785E0,8.861327820E1,9.263485029E-1,7.999999745E0,7.278674848E0,-1.000000000E0
1.752365313E2,1.935750813E1,-9.915359429E1,2.255393605E3,2.247666366E3,2.632787247E0,8.698872493E1,9.280631954E-1,7.999999788E0,7.257911742E0,-1.000000000E0
1.762365137E2,1.935750753E1,-9.915357796E1,2.255410174E3,2.247682966E3,1.678921914E0,9.288340635E1,9.300019851E-1,7.999999883E0,7.050153585E0,-1.000000000E0
1.772364966E2,1.935751654E1,-9.915356214E1,2.256174391E3,2.248447234E3,1.579862136E0,7.378525894E1,9.317175819E-1,7.999999924E0,7.117822804E0,-1.000000000E0
1.782364775E2,1.935751924E1,-9.915354604E1,2.256043269E3,2.248316150E3,1.526278274E0,7.946315181E1,9.339866101E-1,7.999999920E0,7.009195070E0,-1.000000000E0
1.792364610E2,1.935751496E1,-9.915352490E1,2.256130953E3,2.248403866E3,1.794897582E0,9.063082000E1,9.358113415E-1,7.999999959E0,7.024351813E0,-1.000000000E0
1.802364421E2,1.935751212E1,-9.915350776E1,2.256059799E3,2.248332740E3,1.679581562E0,9.429081474E1,9.363929374E-1,7.999999994E0,6.929862970E0,-1.000000000E0
1.812364291E2,1.935751099E1,-9.915350235E1,2.256128600E3,2.248401549E3,1.060137968E0,9.646290534E1,9.373324654E-1,7.999999990E0,6.992098762E0,-1.000000000E0
1.822364079E2,1.935750942E1,-9.915349355E1,2.256061129E3,2.248334092E3,1.128215304E0,9.749730867E1,9.396295751E-1,7.999999996E0,6.337264641E0,-1.000000000E0
1.832363893E2,1.935751453E1,-9.915347234E1,2.256594032E3,2.248867048E3,1.575575086E0,9.749731516E1,9.401088652E-1,8.000000030E0,6.177107949E0,-1.000000000E0
1.842363710E2,1.935751529E1,-9.915346784E1,2.256836132E3,2.249109159E3,8.840446044E-1,9.749731655E1,9.418929984E-1,8.000000020E0,6.245510526E0,-1.000000000E0
1.852363572E2,1.935751445E1,-9.915345086E1,2.256922083E3,2.249195141E3,1.539567606E0,9.749732209E1,9.437068356E-1,7.999999991E0,6.168421080E0,-1.000000000E0
1.862363346E2,1.935751626E1,-9.915343367E1,2.256592091E3,2.248865187E3,1.728073684E0,9.749732751E1,9.453573915E-1,7.999999985E0,5.851390715E0,-1.000000000E0
1.872363172E2,1.935751476E1,-9.915341802E1,2.256377673E3,2.248650797E3,1.504972478E0,9.749733267E1,9.465163359E-1,7.999999980E0,5.718154210E0,-1.000000000E0
1.882362994E2,1.935752288E1,-9.915341110E1,2.256160599E3,2.248433755E3,7.630351252E-1,9.749733433E1,9.473746130E-1,7.999999990E0,5.814813132E0,-1.000000000E0
1.892362809E2,1.935752852E1,-9.915341668E1,2.255954520E3,2.248227677E3,3.008409323E-1,9.749733212E1,9.487317643E-1,7.999999994E0,5.982163958E0,-1.000000000E0
1.902362629E2,1.935754039E1,-9.915341972E1,2.256901171E3,2.249174350E3,3.343956912E-1,9.749733031E1,9.495355178E-1,7.999999995E0,6.279009629E0,-1.000000000E0
1.912362443E2,1.935754628E1,-9.915342416E1,2.257269194E3,2.249542377E3,3.271558790E-1,9.749732846E1,9.503601970E-1,7.999999995E0,6.276306159E0,-1.000000000E0
1.922362266E2,1.935754559E1,-9.915343198E1,2.257356800E3,2.249629966E3,1.481188260E-1,9.749732598E1,9.511406366E-1,7.999999998E0,6.306205784E0,-1.000000000E0
1.932362072E2,1.935754670E1,-9.915343933E1,2.257455591E3,2.249728745E3,7.230476674E-2,9.749732353E1,9.525526780E-1,7.999999999E0,6.161781387E0,-1.000000000E0
1.942361894E2,1.935755938E1,-9.915343867E1,2.257351384E3,2.249624567E3,3.735192500E-1,9.749732284E1,9.536511089E-1,7.999999998E0,5.974497454E0,-1.000000000E0
1.952361717E2,1.935756816E1,-9.915344348E1,2.257390057E3,2.249663251E3,3.696084884E-1,9.749732067E1,9.550617463E-1,8.120999178E0,6.126735210E0,-1.000000000E0
1.962361536E2,1.935757962E1,-9.915343771E1,2.257278012E3,2.249551243E3,7.873779175E-1,9.749732172E1,9.564105644E-1,8.325892506E0,6.059354989E0,-1.000000000E0
1.972361354E2,1.935759055E1,-9.915343215E1,2.257159588E3,2.249432855E3,1.129819660E0,9.749732274E1,9.580446099E-1,8.684499800E0,5.995604790E0,-1.000000000E0
1.982361169E2,1.935760473E1,-9.915342805E1,2.256832816E3,2.249106123E3,1.323328216E0,9.749732306E1,9.600560530E-1,8.867342627E0,5.708663125E0,-1.000000000E0
1.992360988E2,1.935762278E1,-9.915342927E1,2.256582788E3,2.248856134E3,1.336769194E0,9.749732139E1,9.627447017E-1,9.354307354E0,5.745394397E0,-1.000000000E0
2.002360797E2,1.935764646E1,-9.915343447E1,2.256265658E3,2.248539046E3,9.331266883E-1,9.749731803E1,9.660079133E-1,1.024341377E1,5.774437829E0,-1.000000000E0
2.012360616E2,1.935767580E1,-9.915343386E1,2.255747802E3,2.248021258E3,1.265287868E0,9.749731615E1,9.708564488E-1,1.080190560E1,5.820743560E0,-1.000000000E0
2.022360431E2,1.935771873E1,-9.915344195E1,2.255791640E3,2.248065177E3,1.386976180E0,9.749731050E1,9.753099496E-1,1.084406239E1,6.332199906E0,-1.000000000E0
2.032360247E2,1.935775872E1,-9.915343953E1,2.254982047E3,2.247255679E3,1.501481522E0,9.749730845E1,9.797956304E-1,1.090241101E1,6.768186649E0,-1.000000000E0
2.042360069E2,1.935779880E1,-9.915343466E1,2.254747693E3,2.247021425E3,1.084926681E0,9.749730718E1,9.850707695E-1,1.075729045E1,6.685739612E0,-1.000000000E0
2.052359880E2,1.935784622E1,-9.915343345E1,2.254968430E3,2.247242271E3,9.873704517E-1,9.749730421E1,9.899050375E-1,1.061942593E1,6.529154066E0,-1.000000000E0
2.062359705E2,1.935788966E1,-9.915343142E1,2.255496688E3,2.247770632E3,1.083265257E0,9.749730179E1,9.931672419E-1,1.048845463E1,6.560821109E0,-1.000000000E0
2.072359513E2,1.935791898E1,-9.915343048E1,2.255634189E3,2.247908201E3,7.353160068E-1,9.749730001E1,9.956807353E-1,1.036403190E1,6.667482908E0,-1.000000000E0
2.082359340E2,1.935793678E1,-9.915341571E1,2.255288889E3,2.247562970E3,1.257127485E0,9.749730352E1,9.975038437E-1,1.024583031E1,6.732175058E0,-1.000000000E0
2.092359148E2,1.935794856E1,-9.915340362E1,2.255326513E3,2.247600644E3,1.188780966E0,9.749730659E1,9.992173019E-1,1.013353879E1,6.796487550E0,-1.000000000E0
2.102358961E2,1.935796258E1,-9.915339686E1,2.255237731E3,2.247511908E3,9.408571690E-1,9.749730777E1,1.001085769E0,1.002686185E1,6.716268934E0,-1.000000000E0
2.112358788E2,1.935797466E1,-9.915338448E1,2.254830181E3,2.247104409E3,1.078862426E0,9.749731091E1,1.002162428E0,9.925518762E0,6.648138776E0,-1.000000000E0
2.122358596E2,1.935798365E1,-9.915338067E1,2.254879428E3,2.247153684E3,5.546686212E-1,9.749731151E1,1.003054958E0,9.829242823E0,6.651553479E0,-1.000000000E0
2.132358409E2,1.935799065E1,-9.915337649E1,2.254804860E3,2.247079140E3,4.794324145E-1,9.749731236E1,1.003795135E0,9.737780682E0,6.625635419E0,-1.000000000E0
2.142358229E2,1.935799653E1,-9.915337320E1,2.254769989E3,2.247044288E3,4.857409758E-1,9.749731301E1,1.004542818E0,9.650891648E0,6.590405848E0,-1.000000000E0
2.152358043E2,1.935800164E1,-9.915336856E1,2.254687673E3,2.246961994E3,6.353870747E-1,9.749731414E1,1.005164175E0,9.568347066E0,6.550729539E0,-1.000000000E0
2.162357863E2,1.935800661E1,-9.915336586E1,2.254727595E3,2.247001932E3,5.032694326E-1,9.749731466E1,1.006223631E0,9.489929712E0,6.511227575E0,-1.000000000E0
2.172357671E2,1.935801010E1,-9.915335646E1,2.254734160E3,2.247008523E3,7.608007848E-1,9.749731744E1,1.006826107E0,9.415433227E0,6.467102643E0,-1.000000000E0
2.182357494E2,1.935801437E1,-9.915335293E1,2.254817040E3,2.247091420E3,5.057283875E-1,9.749731828E1,1.007756451E0,9.344661565E0,6.414704154E0,-1.000000000E0
2.192357304E2,1.935801856E1,-9.915334525E1,2.254846396E3,2.247120801E3,1.004609982E0,9.749732046E1,1.010005439E0,9.277428487E0,6.389147154E0,-1.000000000E0
2.202357119E2,1.935802072E1,-9.915332394E1,2.254801792E3,2.247076243E3,2.094671516E0,9.749732719E1,1.012838050E0,9.213557061E0,6.377929076E0,-1.000000000E0
2.212356937E2,1.935802993E1,-9.915329876E1,2.254829260E3,2.247103782E3,2.752032427E0,7.954006271E1,1.015395943E0,9.152879198E0,6.734364900E0,-1.000000000E0
2.222356746E2,1.935803934E1,-9.915327652E1,2.254520093E3,2.246794680E3,2.995581184E0,7.514465864E1,1.018501909E0,9.095235244E0,7.064137322E0,-1.000000000E0
2.232356567E2,1.935805045E1,-9.915324935E1,2.254415120E3,2.246689786E3,3.196211905E0,7.259056970E1,1.021877992E0,9.040473478E0,7.049202094E0,-1.000000000E0
2.242356384E2,1.935805762E1,-9.915321808E1,2.254247215E3,2.246521959E3,3.288546777E0,7.498473970E1,1.024651614E0,8.988449796E0,7.027403281E0,-1.000000000E0
2.252356198E2,1.935806230E1,-9.915319211E1,2.254061873E3,2.246336678E3,2.966814096E0,7.694547916E1,1.027386541E0,8.939027303E0,6.989164117E0,-1.000000000E0
2.262356008E2,1.935806990E1,-9.915316732E1,2.252858291E3,2.245133163E3,2.870772002E0,7.511382584E1,1.030246299E0,8.892075933E0,6.962632739E0,-1.000000000E0
2.272355824E2,1.935808991E1,-9.915315020E1,2.251997609E3,2.244272560E3,2.776144401E0,5.762441329E1,1.034508592E0,8.847472131E0,6.429252944E0,-1.000000000E0
2.282355647E2,1.935812678E1,-9.915313909E1,2.251996522E3,2.244271577E3,3.427123120E0,3.416835296E1,1.039032002E0,8.805098493E0,6.663643288E0,-1.000000000E0
2.292355460E2,1.935816715E1,-9.915313378E1,2.252267503E3,2.244542660E3,3.974310184E0,2.008958088E1,1.043725150E0,8.764843607E0,6.941045180E0,-1.000000000E0
2.302355278E2,1.935820665E1,-9.915314954E1,2.252606406E3,2.244881622E3,4.108439667E0,3.561503026E2,1.048682451E0,8.726601336E0,6.483097765E0,-1.000000000E0
2.312355087E2,1.935824212E1,-9.915317818E1,2.252479557E3,2.244754796E3,4.312610188E0,3.359782153E2,1.053993633E0,8.690271119E0,6.221801387E0,-1.000000000E0
2.322354907E2,1.935828763E1,-9.915319354E1,2.252942794E3,2.245218106E3,4.680006006E0,3.385259595E2,1.058912240E0,8.655757577E0,6.448048031E0,-1.000000000E0
2.332354715E2,1.935833160E1,-9.915319865E1,2.252539392E3,2.244814792E3,4.754010745E0,3.456610521E2,1.064405036E0,8.622969615E0,6.630698262E0,-1.000000000E0
2.342354524E2,1.935837866E1,-9.915321458E1,2.252682635E3,2.244958110E3,5.037062269E0,3.441140377E2,1.070119521E0,8.591821229E0,6.732784334E0,-1.000000000E0
2.352354349E2,1.935842748E1,-9.915323159E1,2.252655291E3,2.244930843E3,5.336345588E0,3.432684093E2,1.076507580E0,8.562230285E0,7.268358557E0,-1.000000000E0
2.362354164E2,1.935848355E1,-9.915324482E1,2.252726047E3,2.245001700E3,5.881962805E0,3.466715649E2,1.082096563E0,8.534118683E0,6.786705568E0,-1.000000000E0
2.372353975E2,1.935853299E1,-9.915325446E1,2.251934397E3,2.244210142E3,5.637332413E0,3.481233282E2,1.087468746E0,8.507412772E0,6.534379216E0,-1.000000000E0
2.382353795E2,1.935858081E1,-9.915326172E1,2.250853614E3,2.243129453E3,5.469428664E0,3.496036339E2,1.091866224E0,8.482042134E0,6.651246659E0,-1.000000000E0
2.392353607E2,1.935861973E1,-9.915326918E1,2.250325377E3,2.242601289E3,4.754201067E0,3.505251448E2,1.097460140E0,8.457940033E0,6.603593497E0,-1.000000000E0
2.402353429E2,1.935866812E1,-9.915328376E1,2.250632117E3,2.242908109E3,4.959517718E0,3.472882216E2,1.102141155E0,8.435043004E0,6.668139937E0,-1.000000000E0
2.412353237E2,1.935870744E1,-9.915329970E1,2.250553694E3,2.242829743E3,4.673633320E0,3.436342924E2,1.108397316E0,8.413290790E0,6.675972062E0,-1.000000000E0
2.422353054E2,1.935876060E1,-9.915331923E1,2.251119285E3,2.243395416E3,5.230384009E0,3.432104551E2,1.114126887E0,8.392626260E0,6.807094755E0,-1.000000000E0
2.432352862E2,1.935881145E1,-9.915332802E1,2.251602078E3,2.243878307E3,5.393605871E0,3.476681402E2,1.119454147E0,8.372995034E0,6.623634296E0,-1.000000000E0
2.442352681E2,1.935885752E1,-9.915334198E1,2.252124931E3,2.244401235E3,5.250033909E0,3.457776370E2,1.125150785E0,8.354345324E0,6.558239475E0,-1.000000000E0
2.452352494E2,1.935890512E1,-9.915336206E1,2.252540820E3,2.244817192E3,5.441333417E0,3.424783212E2,1.130510992E0,8.336628083E0,6.732189796E0,-1.000000000E0
2.462352312E2,1.935895150E1,-9.915337597E1,2.253091656E3,2.245368106E3,5.352892772E0,3.437004317E2,1.135682839E0,8.319796658E0,6.687442095E0,-1.000000000E0
2.472352130E2,1.935899733E1,-9.915338439E1,2.253570112E3,2.245846649E3,5.138792214E0,3.463802082E2,1.141149914E0,8.303806768E0,6.648986266E0,-1.000000000E0
2.482351935E2,1.935904570E1,-9.915339373E1,2.253361416E3,2.245638043E3,5.120912920E0,3.473692974E2,1.147076764E0,8.288616420E0,6.637757304E0,-1.000000000E0
2.492351758E2,1.935909622E1,-9.915341175E1,2.253401029E3,2.245677735E3,5.372498360E0,3.446350499E2,1.152823584E0,8.274185686E0,6.676591621E0,-1.000000000E0
2.502351578E2,1.935914493E1,-9.915343005E1,2.253423790E3,2.245700570E3,5.435485094E0,3.426667052E2,1.158558534E0,8.260476398E0,6.525384176E0,-1.000000000E0
2.512351385E2,1.935919350E1,-9.915344845E1,2.253478687E3,2.245755540E3,5.508138170E0,3.419845525E2,1.163900243E0,8.247452574E0,6.350372625E0,-1.000000000E0
2.522351204E2,1.935923996E1,-9.915346140E1,2.253314201E3,2.245591133E3,5.345221692E0,3.439708277E2,1.169677322E0,8.235079958E0,6.268131777E0,-1.000000000E0
2.532351016E2,1.935928934E1,-9.915347851E1,2.253297819E3,2.245574829E3,5.479110496E0,3.436519999E2,1.175076471E0,8.223325943E0,6.212589364E0,-1.000000000E0
2.542350830E2,1.935933731E1,-9.915348652E1,2.253635763E3,2.245912866E3,5.378723761E0,3.479203717E2,1.181282191E0,8.212159647E0,6.226019134E0,-1.000000000E0
2.552350647E2,1.935938966E1,-9.915350700E1,2.253494164E3,2.245771344E3,5.735910805E0,3.438100619E2,1.186977984E0,8.201551501E0,6.232823242E0,-1.000000000E0
2.562350460E2,1.935943787E1,-9.915352535E1,2.251663206E3,2.243940459E3,5.751128471E0,3.415137966E2,1.191861137E0,8.191473887E0,6.023960230E0,-1.000000000E0
2.572350271E2,1.935947915E1,-9.915354124E1,2.252479348E3,2.244756663E3,5.195920493E0,3.414018485E2,1.197620379E0,8.181900283E0,6.359502992E0,-1.000000000E0
2.582350085E2,1.935952973E1,-9.915355305E1,2.252655876E3,2.244933281E3,5.374856116E0,3.442636936E2,1.202927199E0,8.172805259E0,6.372222027E0,-1.000000000E0
2.592349901E2,1.935957688E1,-9.915356091E1,2.252437173E3,2.244714670E3,5.307125654E0,3.474478654E2,1.208215713E0,8.164165001E0,6.265665290E0,-1.000000000E0
2.602349722E2,1.935962379E1,-9.915356923E1,2.252412938E3,2.244690524E3,5.221059322E0,3.491008206E2,1.213222043E0,8.155956743E0,6.372078666E0,-1.000000000E0
2.612369895E2,1.935966512E1,-9.915358814E1,2.252521037E3,2.244798679E3,4.989569053E0,3.439259405E2,1.219066955E0,8.148158886E0,6.679496227E0,-1.000000000E0
2.622369988E2,1.935971591E1,-9.915360250E1,2.252445654E3,2.244723382E3,5.408999166E0,3.436796313E2,1.224234021E0,8.140750922E0,6.897977815E0,-1.000000000E0
2.632369807E2,1.935976207E1,-9.915360813E1,2.252694347E3,2.244972168E3,5.267140886E0,3.481393251E2,1.230289309E0,8.133713413E0,7.093490615E0,-1.000000000E0
2.642369927E2,1.935981503E1,-9.915362160E1,2.252230780E3,2.244508695E3,5.583745157E0,3.472916511E2,1.235652319E0,8.127027789E0,6.723359830E0,-1.000000000E0
2.652370056E2,1.935986136E1,-9.915363580E1,2.251981648E3,2.244259639E3,5.492123503E0,3.451551463E2,1.241184853E0,8.120676315E0,6.685003501E0,-1.000000000E0
2.662369909E2,1.935990990E1,-9.915364736E1,2.251734042E3,2.244012120E3,5.473082669E0,3.456552010E2,1.246076380E0,8.114642442E0,6.681708512E0,-1.000000000E0
2.672370025E2,1.935995266E1,-9.915365833E1,2.250538566E3,2.242816719E3,5.099790325E0,3.459157439E2,1.250846546E0,8.108910392E0,6.629967877E0,-1.000000000E0
2.682370170E2,1.935999393E1,-9.915367074E1,2.249502363E3,2.241780584E3,4.829216391E0,3.454672628E2,1.256692805E0,8.103464886E0,6.511350533E0,-1.000000000E0
2.692370031E2,1.936004407E1,-9.915368750E1,2.249828518E3,2.242106820E3,5.347415716E0,3.432223284E2,1.261962374E0,8.098291602E0,6.474825920E0,-1.000000000E0
2.702370178E2,1.936009042E1,-9.915369799E1,2.250032877E3,2.242311263E3,5.320194772E0,3.454423758E2,1.267492432E0,8.093377018E0,6.417595676E0,-1.000000000E0
2.712370335E2,1.936013933E1,-9.915370751E1,2.250030048E3,2.242308525E3,5.424801599E0,3.482894245E2,1.272982697E0,8.088708211E0,6.324950702E0,-1.000000000E0
2.722370180E2,1.936018731E1,-9.915371988E1,2.250120087E3,2.242398648E3,5.332379478E0,3.471073023E2,1.278856872E0,8.084272808E0,6.251020793E0,-1.000000000E0
2.732370269E2,1.936023728E1,-9.915373805E1,2.250750662E3,2.243029300E3,5.505537223E0,3.434477711E2,1.284285926E0,8.080059141E0,6.133267932E0,-1.000000000E0
2.742370378E2,1.936028502E1,-9.915374888E1,2.250196251E3,2.242474975E3,5.465735835E0,3.451951767E2,1.289752167E0,8.076056187E0,6.052609471E0,-1.000000000E0
2.752370228E2,1.936033348E1,-9.915375762E1,2.250156394E3,2.242435210E3,5.384165636E0,3.477274123E2,1.295922084E0,8.072253401E0,6.028996346E0,-1.000000000E0
2.762370102E2,1.936038568E1,-9.915377758E1,2.249869674E3,2.242148569E3,5.698401542E0,3.433607572E2,1.300996865E0,8.068640701E0,5.955909851E0,-1.000000000E0
2.772369964E2,1.936043026E1,-9.915378793E1,2.249830936E3,2.242109911E3,5.392425560E0,3.455866546E2,1.306395333E0,8.065208687E0,6.094952005E0,-1.000000000E0
2.782369819E2,1.936047622E1,-9.915380452E1,2.249642904E3,2.241921950E3,5.317700763E0,3.429033845E2,1.310937891E0,8.061948216E0,6.157174164E0,-1.000000000E0
2.792369670E2,1.936051547E1,-9.915381651E1,2.249305868E3,2.241584979E3,4.803749950E0,3.434511657E2,1.314838004E0,8.058850814E0,6.222467900E0,-1.000000000E0
2.802369527E2,1.936054995E1,-9.915382332E1,2.249469536E3,2.241748712E3,4.160689514E0,3.461785003E2,1.317178109E0,8.055908296E0,6.313299471E0,-1.000000000E0
2.812369369E2,1.936056904E1,-9.915381392E1,2.248861822E3,2.241141060E3,2.951701325E0,2.715930411E0,1.320276027E0,8.053112912E0,6.234172056E0,-1.000000000E0
2.822369225E2,1.936059636E1,-9.915381972E1,2.248951660E3,2.241230947E3,2.948717519E0,3.553750585E2,1.323659840E0,8.050457241E0,6.395839731E0,-1.000000000E0
2.832369072E2,1.936062051E1,-9.915383934E1,2.248577910E3,2.240857213E3,3.024424541E0,3.386881160E2,1.326701538E0,8.047934360E0,6.501739017E0,-1.000000000E0
2.842368923E2,1.936064533E1,-9.915385153E1,2.249066080E3,2.241345415E3,3.063937499E0,3.377165115E2,1.330747714E0,8.045537590E0,6.192577954E0,-1.000000000E0
2.852368759E2,1.936067996E1,-9.915386340E1,2.249553400E3,2.241832790E3,3.462215947E0,3.406815617E2,1.335466973E0,8.043260724E0,6.322540762E0,-1.000000000E0
2.862368610E2,1.936072093E1,-9.915387511E1,2.249852482E3,2.242131942E3,4.120404069E0,3.431989841E2,1.339228421E0,8.041097729E0,6.552808583E0,-1.000000000E0
2.872368442E2,1.936075154E1,-9.915389037E1,2.249693951E3,2.241973450E3,3.994710857E0,3.399302363E2,1.343687430E0,8.039042857E0,6.568190826E0,-1.000000000E0
2.882368289E2,1.936079107E1,-9.915389753E1,2.249782763E3,2.242062337E3,4.166805081E0,3.453077510E2,1.347596915E0,8.037090786E0,6.496893913E0,-1.000000000E0
2.892368125E2,1.936082556E1,-9.915390479E1,2.249189947E3,2.241469584E3,3.908566634E0,3.478625128E2,1.352340635E0,8.035236280E0,6.496317508E0,-1.000000000E0
2.902367958E2,1.936086743E1,-9.915391343E1,2.249102325E3,2.241382040E3,4.081319420E0,3.482603956E2,1.357170697E0,8.034163813E0,6.496999539E0,-1.000000000E0
2.912367793E2,1.936090972E1,-9.915392394E1,2.248897416E3,2.241177205E3,4.274341518E0,3.483410303E2,1.361584605E0,8.032455605E0,6.307692314E0,-1.000000000E0
2.922367634E2,1.936094748E1,-9.915393692E1,2.248599432E3,2.240879281E3,4.140223461E0,3.447767760E2,1.366081894E0,8.030832797E0,6.191949467E0,-1.000000000E0
2.932367480E2,1.936098667E1,-9.915394754E1,2.248899642E3,2.241179559E3,4.050674037E0,3.447467486E2,1.370413642E0,8.029291137E0,6.030474044E0,-1.000000000E0
2.942367297E2,1.936102329E1,-9.915396162E1,2.248792715E3,2.241072686E3,3.957066189E0,3.419971105E2,1.375465884E0,8.027826518E0,6.095476719E0,-1.000000000E0
2.952367122E2,1.936106715E1,-9.915397417E1,2.248250497E3,2.240530543E3,4.251088371E0,3.432522671E2,1.380692638E0,8.026435096E0,5.809005038E0,-1.000000000E0
2.962366964E2,1.936111380E1,-9.915398029E1,2.248186437E3,2.240466575E3,4.448294895E0,3.491491766E2,1.386030425E0,8.025113353E0,5.693764662E0,-1.000000000E0
2.972366790E2,1.936116078E1,-9.915399077E1,2.248173017E3,2.240453242E3,4.660057938E0,3.496126191E2,1.390408589E0,8.023857643E0,5.658708598E0,-1.000000000E0
2.982366629E2,1.936119674E1,-9.915400776E1,2.248396276E3,2.240676548E3,4.342602232E0,3.440700139E2,1.395460308E0,8.022664729E0,5.807022706E0,-1.000000000E0
2.992366451E2,1.936124024E1,-9.915402164E1,2.248749272E3,2.241029615E3,4.399375782E0,3.454202509E2,1.399930355E0,8.021531542E0,5.593070798E0,-1.000000000E0
3.002366282E2,1.936127847E1,-9.915403484E1,2.248990765E3,2.241271168E3,4.216727526E0,3.435357792E2,1.403743435E0,8.020454963E0,5.459457352E0,-1.000000000E0
3.012366105E2,1.936131091E1,-9.915404661E1,2.248901171E3,2.241181624E3,3.724577404E0,3.436375433E2,1.406613932E0,8.019432225E0,5.394642214E0,-1.000000000E0
3.022365932E2,1.936133633E1,-9.915405136E1,2.249233791E3,2.241514292E3,3.077579540E0,3.472163624E2,1.408097019E0,8.018460638E0,5.472638975E0,-1.000000000E0
3.032365779E2,1.936134946E1,-9.915405386E1,2.249838142E3,2.242118668E3,2.063807341E0,3.478943756E2,1.409786624E0,8.017537631E0,5.646555611E0,-1.000000000E0
3.042365583E2,1.936136402E1,-9.915405847E1,2.250055924E3,2.242336474E3,1.668793544E0,3.461954445E2,1.411677709E0,8.016660751E0,5.784755835E0,-1.000000000E0
3.052365409E2,1.936138046E1,-9.915406308E1,2.249767377E3,2.242047954E3,1.615667907E0,3.448497691E2,1.413749489E0,8.015827697E0,5.636908285E0,-1.000000000E0
3.062365237E2,1.936139909E1,-9.915406332E1,2.249769861E3,2.242050480E3,1.695543662E0,3.506291740E2,1.415848068E0,8.015036332E0,5.632743535E0,-1.000000000E0
3.072365065E2,1.936141786E1,-9.915406546E1,2.249884946E3,2.242165603E3,1.798102118E0,3.508405820E2,1.418114587E0,8.014284514E0,5.592810615E0,-1.000000000E0
3.082364885E2,1.936143804E1,-9.915406849E1,2.249702288E3,2.241982985E3,1.856945864E0,3.521689769E2,1.420544250E0,8.013570291E0,5.610407206E0,-1.000000000E0
3.092364707E2,1.936145855E1,-9.915407647E1,2.250042267E3,2.242322994E3,1.968149794E0,3.477706174E2,1.423084833E0,8.012891760E0,5.573730247E0,-1.000000000E0
3.102364531E2,1.936147847E1,-9.915408833E1,2.250085809E3,2.242366559E3,2.073468327E0,3.422190173E2,1.424610485E0,8.012247163E0,5.635685322E0,-1.000000000E0
3.112364357E2,1.936149055E1,-9.915409523E1,2.250035737E3,2.242316500E3,1.482555459E0,3.402344368E2,1.426035254E0,8.011634826E0,5.860817265E0,-1.000000000E0
3.122364185E2,1.936150301E1,-9.915409841E1,2.249562199E3,2.241842983E3,1.225875110E0,3.433045815E2,1.427368947E0,8.011053089E0,6.208784047E0,-1.000000000E0
3.132364011E2,1.936151496E1,-9.915409733E1,2.249483626E3,2.241764440E3,9.431039000E-1,3.479779708E2,1.432127316E0,8.010500426E0,6.632426243E0,-1.000000000E0
3.142363826E2,1.936155639E1,-9.915410870E1,2.249979431E3,2.242260316E3,2.775229358E0,3.464845055E2,1.433687366E0,8.009975367E0,5.934790879E0,-1.000000000E0
3.152363645E2,1.936157020E1,-9.915411130E1,2.249462355E3,2.241743266E3,1.889342227E0,3.517769619E2,1.437808411E0,8.009476634E0,5.895986976E0,-1.000000000E0
3.162363476E2,1.936160280E1,-9.915412998E1,2.249877653E3,2.242158601E3,1.488536910E0,3.497971366E2,1.438774923E0,8.009476631E0,3.092830340E0,-1.000000000E0
3.172363298E2,1.936161149E1,-9.915412984E1,2.249865276E3,2.242146244E3,1.027673848E0,3.514908739E2,1.439023648E0,8.009002806E0,3.000000000E0,-1.000000000E0
3.182363110E2,1.936160973E1,-9.915412838E1,2.249934189E3,2.242215155E3,3.806337126E-1,NaN,1.439260887E0,8.008552674E0,3.041494152E0,-1.000000000E0
3.192362931E2,1.936161169E1,-9.915412929E1,2.249955989E3,2.242236959E3,7.470863729E-2,NaN,1.439583710E0,8.008125040E0,3.005283639E0,-1.000000000E0
3.202362761E2,1.936161434E1,-9.915412805E1,2.250085117E3,2.242366094E3,1.862382307E-1,NaN,1.439838536E0,8.007718788E0,3.000000000E0,-1.000000000E0
3.212362578E2,1.936161618E1,-9.915412949E1,2.250134121E3,2.242415100E3,5.336541187E-2,NaN,1.440110037E0,8.007332849E0,3.000000000E0,-1.000000000E0
3.222362399E2,1.936161849E1,-9.915413035E1,2.250192250E3,2.242473232E3,4.222159223E-2,NaN,1.440419500E0,8.006966206E0,3.000000000E0,-1.000000000E0
3.232362221E2,1.936162083E1,-9.915413194E1,2.250121087E3,2.242402072E3,6.249823417E-2,NaN,1.440576720E0,8.006617896E0,3.000000000E0,-1.000000000E0
3.242362049E2,1.936162224E1,-9.915413209E1,2.250100339E3,2.242381326E3,2.306187860E-2,NaN,1.971552639E0,8.006287001E0,3.000000000E0,-1.000000000E0
3.244222173E2,1.936627511E1,-9.915527033E1,2.249099997E3,2.241389244E3,NaN,NaN,1.994776561E0,2.194724656E1,4.072076621E1,-1.000000000E0
3.244240643E2,1.936620057E1,-9.915547714E1,2.249234680E3,2.241523351E3,NaN,NaN,2.003451792E0,2.654195241E1,4.933129919E1,-1.000000000E0
3.278588959E2,1.936615169E1,-9.915554159E1,2.269872582E3,2.262161016E3,1.778183728E-1,NaN,2.005818387E0,9.422171640E0,1.128694439E1,-1.000000000E0
3.288588640E2,1.936614142E1,-9.915552184E1,2.255061181E3,2.247349631E3,8.698994666E-2,NaN,2.007574678E0,6.643322550E0,3.000000000E0,-1.000000000E0
3.298588461E2,1.936614880E1,-9.915550703E1,2.254163196E3,2.246451691E3,9.609036148E-2,NaN,2.008994757E0,5.350798871E0,3.000000000E0,-1.000000000E0
3.308798274E2,1.936615008E1,-9.915549357E1,2.253803296E3,2.246091821E3,3.981832787E-2,NaN,2.011525145E0,5.281324915E0,3.000000000E0,-1.000000000E0
3.318798089E2,1.936616573E1,-9.915547605E1,2.253427904E3,2.245716499E3,4.922275543E-1,NaN,2.015167427E0,5.413492636E0,3.000000000E0,-1.000000000E0
3.328797907E2,1.936618612E1,-9.915544888E1,2.252940162E3,2.245228857E3,7.809422016E-1,3.389308813E2,2.016696356E0,5.050691391E0,3.000000000E0,-1.000000000E0
3.338841135E2,1.936619983E1,-9.915544775E1,2.252339450E3,2.244628178E3,7.809422016E-1,3.527542721E2,2.018359632E0,4.679166621E0,3.000000000E0,-1.000000000E0
3.348841229E2,1.936621479E1,-9.915544782E1,2.252306352E3,2.244595113E3,1.447349548E0,3.490583748E2,2.020814403E0,4.380936871E0,3.000000000E0,-1.000000000E0
3.358841052E2,1.936623652E1,-9.915545191E1,2.252102189E3,2.244390991E3,2.488234282E0,3.463116825E2,2.023956620E0,4.159980632E0,3.000000000E0,-1.000000000E0
3.368841168E2,1.936626411E1,-9.915545843E1,2.251886935E3,2.244175787E3,2.687938690E0,3.442774610E2,2.027468587E0,3.949340336E0,3.000000000E0,-1.000000000E0
3.378841302E2,1.936629484E1,-9.915546615E1,2.251492371E3,2.243781277E3,2.687938690E0,3.461185521E2,2.030849290E0,3.760554950E0,3.000000000E0,-1.000000000E0
3.388841137E2,1.936632434E1,-9.915547394E1,2.251311280E3,2.243600237E3,3.221390486E0,3.468886150E2,2.034083139E0,3.658928094E0,3.000000000E0,-1.000000000E0
3.398841236E2,1.936635267E1,-9.915548089E1,2.251311280E3,2.243600288E3,3.221390486E0,3.468886127E2,2.038431469E0,4.748651530E0,3.114782207E0,-1.000000000E0
3.408841352E2,1.936638932E1,-9.915549535E1,2.251253148E3,2.243542209E3,3.787475348E0,3.445998974E2,2.041177049E0,1.424595459E1,1.182502677E1,-1.000000000E0
3.418841182E2,1.936641354E1,-9.915550047E1,2.251302847E3,2.243591953E3,4.012950420E0,3.439394177E2,2.046001199E0,1.424595459E1,1.112180896E1,-1.000000000E0
3.428841274E2,1.936645557E1,-9.915551187E1,2.251212374E3,2.243501553E3,4.012950420E0,3.445948702E2,2.051424256E0,1.424595459E1,1.267722656E1,-1.000000000E0
3.438841380E2,1.936650340E1,-9.915552195E1,2.251332053E3,2.243621319E3,4.227733135E0,3.417474181E2,2.056519537E0,1.424595459E1,1.447653517E1,-1.000000000E0
3.448841215E2,1.936654718E1,-9.915553630E1,2.251048737E3,2.243338074E3,4.514780045E0,3.436854162E2,2.061073726E0,1.424595459E1,1.325782110E1,-1.000000000E0
3.458841297E2,1.936658596E1,-9.915555026E1,2.250740773E3,2.243030170E3,4.557925701E0,3.432654140E2,2.065929756E0,1.424595459E1,1.290685798E1,-1.000000000E0
3.468841389E2,1.936662734E1,-9.915556508E1,2.250498690E3,2.242788152E3,4.557925701E0,3.427987208E2,2.071601425E0,1.424595459E1,1.280886635E1,-1.000000000E0
3.478841216E2,1.936667648E1,-9.915557955E1,2.250648737E3,2.242938281E3,4.734241009E0,3.468697602E2,2.076340520E0,1.424595459E1,1.499327829E1,-1.000000000E0
3.488841024E2,1.936671832E1,-9.915558816E1,2.250495870E3,2.242785492E3,4.734241009E0,3.477879018E2,2.080841301E0,1.424595459E1,1.302961051E1,-1.000000000E0
3.498840834E2,1.936675736E1,-9.915559948E1,2.250628862E3,2.242918549E3,4.847818375E0,3.466266054E2,2.086215108E0,1.424595459E1,1.226250444E1,-1.000000000E0
3.508840644E2,1.936680333E1,-9.915561529E1,2.250411495E3,2.242701255E3,5.064570904E0,3.461087128E2,2.091913653E0,1.424595459E1,1.502448150E1,-1.000000000E0
3.518840464E2,1.936685109E1,-9.915563498E1,2.250435233E3,2.242725062E3,5.064570904E0,3.442340986E2,2.097540600E0,1.424595459E1,1.673220046E1,-1.000000000E0
3.528840257E2,1.936690023E1,-9.915564782E1,2.250456695E3,2.242746609E3,5.202160835E0,3.477029066E2,2.103374418E0,1.424595459E1,1.823071507E1,-1.000000000E0
3.538840077E2,1.936694992E1,-9.915566565E1,2.250607877E3,2.242897868E3,5.272405148E0,3.465841759E2,2.109042311E0,1.424595459E1,1.313024709E1,-1.000000000E0
3.548839884E2,1.936699838E1,-9.915568241E1,2.250470999E3,2.242761067E3,5.281646729E0,3.455847004E2,2.114396295E0,1.424595459E1,1.529288479E1,-1.000000000E0
3.558839703E2,1.936704394E1,-9.915569893E1,2.250552119E3,2.242842257E3,5.281646729E0,3.458220632E2,2.119601468E0,1.424595459E1,1.254384619E1,-1.000000000E0
3.568839518E2,1.936708833E1,-9.915571466E1,2.250635228E3,2.242925435E3,5.198596478E0,3.456767987E2,2.124326455E0,1.424595459E1,1.493505822E1,-1.000000000E0
3.578839336E2,1.936712989E1,-9.915572406E1,2.250659124E3,2.242949406E3,5.049810886E0,3.466295285E2,2.129263673E0,1.424595459E1,1.697489151E1,-1.000000000E0
3.588839140E2,1.936717329E1,-9.915573402E1,2.250596451E3,2.242886812E3,4.952697277E0,3.471763264E2,2.134540017E0,1.424595459E1,1.842622192E1,-1.000000000E0
3.598838960E2,1.936722037E1,-9.915574024E1,2.250594413E3,2.242884868E3,4.920946994E0,3.553524627E2,2.140059412E0,7.999999998E0,3.169111520E0,-1.000000000E0
3.608838774E2,1.936726898E1,-9.915572958E1,2.250448832E3,2.242739418E3,5.067414969E0,5.475610406E0,2.145691799E0,8.000000011E0,3.127264478E0,-1.000000000E0
3.618838596E2,1.936731796E1,-9.915571588E1,2.250526775E3,2.242817498E3,5.104613545E0,1.178065750E1,2.151444952E0,8.000000017E0,3.129370927E0,-1.000000000E0
3.628838410E2,1.936735717E1,-9.915568010E1,2.250142375E3,2.242433257E3,5.443251160E0,1.835963148E1,2.157271145E0,8.000000102E0,5.606151136E0,-1.000000000E0
3.638838224E2,1.936740798E1,-9.915566653E1,2.249813275E3,2.242104299E3,5.586124693E0,1.566138920E1,2.162834507E0,8.000000066E0,5.828087648E0,-1.000000000E0
3.648838028E2,1.936745779E1,-9.915566150E1,2.249993126E3,2.242284272E3,5.487347952E0,9.892225710E0,2.168603295E0,8.000000045E0,5.774115892E0,-1.000000000E0
3.658837852E2,1.936750838E1,-9.915564933E1,2.250169987E3,2.242461272E3,5.528858321E0,1.100092733E1,2.174262236E0,8.000000051E0,5.765708869E0,-1.000000000E0
3.668837659E2,1.936755821E1,-9.915563838E1,2.250258191E3,2.242549609E3,5.521378422E0,1.127159509E1,2.180180721E0,8.000000052E0,5.754007076E0,-1.000000000E0
3.678837474E2,1.936760895E1,-9.915562134E1,2.250144739E3,2.242436306E3,5.673661707E0,1.439515437E1,2.186238818E0,8.000000057E0,5.789324178E0,-1.000000000E0
3.688837297E2,1.936766228E1,-9.915560950E1,2.250000769E3,2.242292480E3,5.867326439E0,1.208480047E1,2.191756237E0,8.000000054E0,5.801887756E0,-1.000000000E0
3.698837121E2,1.936771109E1,-9.915560007E1,2.249963748E3,2.242255588E3,5.681529150E0,1.063179618E1,2.197645664E0,8.000000040E0,5.909584034E0,-1.000000000E0
3.708836931E2,1.936776304E1,-9.915558913E1,2.250175867E3,2.242467845E3,5.817072816E0,1.054659946E1,2.204148955E0,8.000000055E0,5.952664393E0,-1.000000000E0
3.718836742E2,1.936782013E1,-9.915557568E1,2.249279592E3,2.241571725E3,6.166525734E0,1.114847790E1,2.208986196E0,8.000000124E0,6.070046084E0,-1.000000000E0
3.728836557E2,1.936786124E1,-9.915556057E1,2.249870505E3,2.242162761E3,5.489463295E0,1.416662090E1,2.214856968E0,8.000000058E0,6.074860410E0,-1.000000000E0
3.738836387E2,1.936791347E1,-9.915555242E1,2.249768936E3,2.242061327E3,5.587636639E0,1.163486023E1,2.220064051E0,8.000000029E0,6.311229846E0,-1.000000000E0
3.748836195E2,1.936795905E1,-9.915554101E1,2.249779035E3,2.242071551E3,5.360879877E0,1.202682209E1,2.225797628E0,8.000000106E0,6.243498504E0,-1.000000000E0
3.758836018E2,1.936800977E1,-9.915553118E1,2.249949015E3,2.242241665E3,5.453494231E0,1.111714684E1,2.232002224E0,8.000000130E0,6.333432456E0,-1.000000000E0
3.768835830E2,1.936806540E1,-9.915552655E1,2.249705518E3,2.241998302E3,5.805858614E0,7.558651425E0,2.237555325E0,8.000000117E0,6.399900142E0,-1.000000000E0
3.778835655E2,1.936811419E1,-9.915551527E1,2.249646733E3,2.241939650E3,5.655459490E0,1.034839184E1,2.243017248E0,8.000000158E0,6.513319462E0,-1.000000000E0
3.788835462E2,1.936816120E1,-9.915550017E1,2.249270490E3,2.241563542E3,5.516270101E0,1.390697576E1,2.248394581E0,8.000000188E0,6.474795689E0,-1.000000000E0
3.798835291E2,1.936820662E1,-9.915548256E1,2.249121490E3,2.241414680E3,5.445383820E0,1.722544470E1,2.253946257E0,8.000000233E0,6.449535984E0,-1.000000000E0
3.808835104E2,1.936825266E1,-9.915546210E1,2.248944043E3,2.241237376E3,5.429298189E0,1.934503217E1,2.259379656E0,8.000000147E0,6.579219069E0,-1.000000000E0
3.818834925E2,1.936830089E1,-9.915545374E1,2.248846444E3,2.241139903E3,5.359465208E0,1.406161050E1,2.264703559E0,8.000000142E0,6.476477975E0,-1.000000000E0
3.828834737E2,1.936834803E1,-9.915544490E1,2.248957845E3,2.241251428E3,5.306078855E0,1.271292709E1,2.270690838E0,8.000000037E0,6.418009625E0,-1.000000000E0
3.838834556E2,1.936840083E1,-9.915543371E1,2.248819749E3,2.241113473E3,5.563807018E0,1.222542975E1,2.276978611E0,8.000000051E0,6.614636758E0,-1.000000000E0
3.848834383E2,1.936845607E1,-9.915542087E1,2.248771227E3,2.241065101E3,5.850367448E0,1.239661628E1,2.282301796E0,8.000000133E0,6.329185932E0,-1.000000000E0
3.858834196E2,1.936850293E1,-9.915541051E1,2.248731066E3,2.241025066E3,5.451903949E0,1.187110673E1,2.287484785E0,8.000000049E0,6.283335190E0,-1.000000000E0
3.868834021E2,1.936854845E1,-9.915539986E1,2.248734090E3,2.241028215E3,5.209031739E0,1.288487917E1,2.292921321E0,8.000000057E0,6.219376440E0,-1.000000000E0
3.878833831E2,1.936859667E1,-9.915539135E1,2.248671655E3,2.240965905E3,5.230327100E0,1.097829111E1,2.298071681E0,8.000000054E0,6.176145562E0,-1.000000000E0
3.888833648E2,1.936864230E1,-9.915538290E1,2.248806624E3,2.241100993E3,5.135685474E0,9.712982932E0,2.303183622E0,8.000000074E0,6.108507056E0,-1.000000000E0
3.898833471E2,1.936868717E1,-9.915537229E1,2.248986816E3,2.241281307E3,5.081445051E0,1.051359430E1,2.307943689E0,8.000000136E0,6.244717374E0,-1.000000000E0
3.908833292E2,1.936872826E1,-9.915535956E1,2.249029701E3,2.241324311E3,4.838271161E0,1.355740164E1,2.312954012E0,8.000000189E0,6.218973270E0,-1.000000000E0
3.918833108E2,1.936876750E1,-9.915533609E1,2.248613703E3,2.240908447E3,4.858695687E0,2.583659871E1,2.318074345E0,8.000000027E0,6.144975023E0,-1.000000000E0
3.928832921E2,1.936878586E1,-9.915529132E1,2.248350199E3,2.240645073E3,4.627559748E0,4.910992073E1,2.324272318E0,7.999999993E0,6.126459513E0,-1.000000000E0
3.938832741E2,1.936878098E1,-9.915523247E1,2.248430681E3,2.240725660E3,4.900876147E0,7.675324097E1,2.330098702E0,8.000000041E0,6.075715468E0,-1.000000000E0
3.948832560E2,1.936876561E1,-9.915517937E1,2.248533413E3,2.240828462E3,5.108919970E0,9.416719823E1,2.336000788E0,8.000000070E0,6.334384981E0,-1.000000000E0
3.958832376E2,1.936875393E1,-9.915512449E1,2.248479718E3,2.240774849E3,5.403611949E0,9.903658023E1,2.341032104E0,7.999999902E0,6.700171624E0,-1.000000000E0
3.968832199E2,1.936874659E1,-9.915507716E1,2.248666281E3,2.240961488E3,5.132103016E0,9.979700907E1,2.346297281E0,7.999999744E0,6.761739331E0,-1.000000000E0
3.978832014E2,1.936874164E1,-9.915502724E1,2.248940060E3,2.241235355E3,4.897543790E0,9.832685650E1,2.351282122E0,7.999999739E0,6.449417424E0,-1.000000000E0
3.988831835E2,1.936873431E1,-9.915498036E1,2.248620414E3,2.240915785E3,4.718135019E0,9.905696152E1,2.355934876E0,7.999999657E0,6.592525563E0,-1.000000000E0
3.998831652E2,1.936872451E1,-9.915493724E1,2.248557826E3,2.240853260E3,4.471056764E0,1.017094221E2,2.360123992E0,7.999999650E0,6.831433084E0,-1.000000000E0
4.008831479E2,1.936871641E1,-9.915489824E1,2.249150311E3,2.241445803E3,4.168289445E0,1.037979174E2,2.365813267E0,7.999999803E0,6.969363394E0,-1.000000000E0
4.018831298E2,1.936870800E1,-9.915484475E1,2.249434505E3,2.241730083E3,4.751241678E0,1.027360630E2,2.371555750E0,7.999999836E0,6.562612595E0,-1.000000000E0
4.028831114E2,1.936869574E1,-9.915479157E1,2.249240504E3,2.241536159E3,5.084771525E0,1.041834611E2,2.377435063E0,7.999999865E0,6.390323488E0,-1.000000000E0
4.038830929E2,1.936868605E1,-9.915473647E1,2.249450631E3,2.241746373E3,5.333151259E0,1.026306415E2,2.382749114E0,7.999999884E0,6.433625814E0,-1.000000000E0
4.048830749E2,1.936868487E1,-9.915468583E1,2.249678527E3,2.241974367E3,5.116613388E0,9.782133967E1,2.388391220E0,7.999999916E0,6.473077080E0,-1.000000000E0
4.058830576E2,1.936868154E1,-9.915463216E1,2.249285479E3,2.241581416E3,5.292991054E0,9.640496599E1,2.394347296E0,7.999999956E0,6.451956501E0,-1.000000000E0
4.068830392E2,1.936867544E1,-9.915457575E1,2.248875443E3,2.241171478E3,5.664806346E0,9.623990486E1,2.399902778E0,8.000000022E0,6.364800796E0,-1.000000000E0
4.078830229E2,1.936866312E1,-9.915452443E1,2.248902719E3,2.241198828E3,5.608102633E0,1.008002084E2,2.405068982E0,8.000000051E0,6.371280026E0,-1.000000000E0
4.088830028E2,1.936865851E1,-9.915447543E1,2.248588301E3,2.240884495E3,5.286526530E0,9.860974212E1,2.410605986E0,7.999999966E0,6.433802886E0,-1.000000000E0
4.098829872E2,1.936864794E1,-9.915442385E1,2.248719726E3,2.241015999E3,5.256885749E0,1.004604554E2,2.416430579E0,8.000000005E0,6.215474221E0,-1.000000000E0
4.108829662E2,1.936863980E1,-9.915436900E1,2.248252550E3,2.240548912E3,5.479265024E0,1.005858786E2,2.421689877E0,7.999999959E0,6.208505076E0,-1.000000000E0
4.118829481E2,1.936863043E1,-9.915431986E1,2.248890104E3,2.241186542E3,5.209053735E0,1.016492371E2,2.427257102E0,7.999999996E0,6.261778223E0,-1.000000000E0
4.128829316E2,1.936862641E1,-9.915426696E1,2.248756315E3,2.241052848E3,5.234124934E0,9.839776225E1,2.433212884E0,7.999999990E0,6.140837812E0,-1.000000000E0
4.138829126E2,1.936862196E1,-9.915421038E1,2.248463570E3,2.240760205E3,5.481756575E0,9.710327671E1,2.439419264E0,7.999999956E0,6.053529291E0,-1.000000000E0
4.148828946E2,1.936861053E1,-9.915415247E1,2.248296097E3,2.240592820E3,5.809922175E0,9.986890400E1,2.445108105E0,7.999999924E0,6.144174162E0,-1.000000000E0
4.158828760E2,1.936860129E1,-9.915409913E1,2.248671095E3,2.240967902E3,5.632446962E0,9.913784065E1,2.450957905E0,7.999999913E0,6.105983676E0,-1.000000000E0
4.168828575E2,1.936859105E1,-9.915404443E1,2.248655977E3,2.240952869E3,5.644682803E0,9.909088980E1,2.455986297E0,7.999999940E0,6.048937491E0,-1.000000000E0
4.178828400E2,1.936858003E1,-9.915399794E1,2.247941785E3,2.240238744E3,5.224873306E0,1.007993088E2,2.462740668E0,8.000000017E0,6.057639490E0,-1.000000000E0
4.188828220E2,1.936857159E1,-9.915393418E1,2.247755443E3,2.240052508E3,5.916423727E0,9.897361147E1,2.468560811E0,8.000000007E0,6.352551835E0,-1.000000000E0
4.198828038E2,1.936856245E1,-9.915387955E1,2.247913922E3,2.240211074E3,5.809140934E0,9.981496638E1,2.473935941E0,8.000000024E0,6.418069713E0,-1.000000000E0
4.208827860E2,1.936854690E1,-9.915383103E1,2.248078037E3,2.240375250E3,5.474168457E0,1.042054403E2,2.479286474E0,8.000000021E0,6.257210346E0,-1.000000000E0
4.218827675E2,1.936853530E1,-9.915378153E1,2.247900922E3,2.240198206E3,5.355922911E0,1.033842197E2,2.484978340E0,8.000000037E0,6.204555960E0,-1.000000000E0
4.228827500E2,1.936852587E1,-9.915372820E1,2.247655007E3,2.239952375E3,5.472712479E0,1.000954461E2,2.490232315E0,8.000000053E0,6.164407224E0,-1.000000000E0
4.238827312E2,1.936852285E1,-9.915367822E1,2.247676189E3,2.239973649E3,5.376059129E0,9.604888422E1,2.495584715E0,8.000000053E0,6.194451676E0,-1.000000000E0
4.248827138E2,1.936851753E1,-9.915362751E1,2.247836151E3,2.240133699E3,5.410202592E0,9.605577707E1,2.500444980E0,8.000000070E0,6.187959643E0,-1.000000000E0
4.258826951E2,1.936850719E1,-9.915358249E1,2.248238737E3,2.240536350E3,5.119968928E0,9.974227545E1,2.506286600E0,8.000000080E0,6.023693548E0,-1.000000000E0
4.268826766E2,1.936849732E1,-9.915352780E1,2.248825912E3,2.241123611E3,5.430763584E0,1.011648452E2,2.511877879E0,8.000000093E0,5.908558879E0,-1.000000000E0
4.278826627E2,1.936849166E1,-9.915347484E1,2.248855872E3,2.241153662E3,5.489224156E0,9.980053108E1,2.516676788E0,8.000000117E0,5.772574814E0,-1.000000000E0
4.288826449E2,1.936848750E1,-9.915342930E1,2.248708336E3,2.241006206E3,5.087356705E0,9.731725415E1,2.522645985E0,8.000000093E0,5.982453065E0,-1.000000000E0
4.298826224E2,1.936847890E1,-9.915337314E1,2.249039802E3,2.241337764E3,5.434388129E0,9.779668111E1,2.528089134E0,8.000000114E0,5.814561082E0,-1.000000000E0
4.308826048E2,1.936846875E1,-9.915332237E1,2.249035112E3,2.241333151E3,5.464685365E0,9.860978296E1,2.533565909E0,8.000000095E0,5.892520507E0,-1.000000000E0
4.318825863E2,1.936846241E1,-9.915327060E1,2.249414264E3,2.241712390E3,5.504199390E0,9.703340884E1,2.539261309E0,8.000000102E0,5.931238520E0,-1.000000000E0
4.328825683E2,1.936845221E1,-9.915321739E1,2.249370462E3,2.241668670E3,5.599422015E0,9.913656550E1,2.544539572E0,8.000000068E0,6.261730867E0,-1.000000000E0
4.338825504E2,1.936844708E1,-9.915316737E1,2.249226058E3,2.241524353E3,5.426898164E0,9.744564843E1,2.549783492E0,8.000000049E0,6.171668763E0,-1.000000000E0
4.348825320E2,1.936843802E1,-9.915311831E1,2.248963978E3,2.241262349E3,5.219680677E0,9.906337419E1,2.555241011E0,8.000000007E0,6.035021667E0,-1.000000000E0
4.358825138E2,1.936843872E1,-9.915306629E1,2.249197905E3,2.241496381E3,5.242868926E0,9.407949531E1,2.561111579E0,8.000000101E0,6.168853357E0,-1.000000000E0
4.368824963E2,1.936842611E1,-9.915301195E1,2.249109930E3,2.241408484E3,5.505889514E0,9.798472281E1,2.566111458E0,8.000000098E0,6.281260777E0,-1.000000000E0
4.378824782E2,1.936841756E1,-9.915296516E1,2.249190751E3,2.241489378E3,5.286927919E0,9.866450948E1,2.571775423E0,8.000000157E0,6.205474055E0,-1.000000000E0
4.388824605E2,1.936840777E1,-9.915291217E1,2.248952485E3,2.241251195E3,5.404105291E0,9.986727726E1,2.576803350E0,8.000000035E0,6.243718836E0,-1.000000000E0
4.398824431E2,1.936840373E1,-9.915286443E1,2.248973028E3,2.241271823E3,5.021688821E0,9.660196814E1,2.582645934E0,7.999999968E0,6.438236341E0,-1.000000000E0
4.408824238E2,1.936843603E1,-9.915282050E1,2.249774698E3,2.242073652E3,4.644336797E0,6.907598128E1,2.588996819E0,7.999999935E0,6.704152383E0,-1.000000000E0
4.418824063E2,1.936849141E1,-9.915280571E1,2.249900901E3,2.242200009E3,4.773585911E0,3.093893427E1,2.594401638E0,7.999999986E0,6.654945112E0,-1.000000000E0
4.428823878E2,1.936853980E1,-9.915280080E1,2.249828450E3,2.242127677E3,5.041380927E0,1.609500516E1,2.599383640E0,7.999999958E0,6.429258071E0,-1.000000000E0
4.438823702E2,1.936858419E1,-9.915279443E1,2.249660852E3,2.241960191E3,5.066975244E0,1.185028790E1,2.604671416E0,7.999999991E0,6.285104777E0,-1.000000000E0
4.448823511E2,1.936863009E1,-9.915278122E1,2.249806687E3,2.242106156E3,5.146806035E0,1.313436416E1,2.609408080E0,7.999999967E0,6.324093938E0,-1.000000000E0
4.458823339E2,1.936867256E1,-9.915277779E1,2.250232896E3,2.242532468E3,4.926813459E0,7.692058794E0,2.615234273E0,7.999999968E0,6.312316873E0,-1.000000000E0
4.468823160E2,1.936872129E1,-9.915275738E1,2.250205446E3,2.242505168E3,5.310797594E0,1.461566684E1,2.619948975E0,7.999999899E0,6.307987283E0,-1.000000000E0
4.478822980E2,1.936876369E1,-9.915275801E1,2.250173568E3,2.242473385E3,5.025391035E0,9.958875169E0,2.624573773E0,7.999999967E0,6.190318029E0,-1.000000000E0
4.488822798E2,1.936880458E1,-9.915274995E1,2.250358638E3,2.242658563E3,4.740013293E0,1.051432453E1,2.629547075E0,7.999999996E0,6.136914722E0,-1.000000000E0
4.498822617E2,1.936884844E1,-9.915274065E1,2.250571719E3,2.242871761E3,4.734370415E0,1.004542812E1,2.634730872E0,8.000000021E0,6.564454465E0,-1.000000000E0
4.508822430E2,1.936889382E1,-9.915272934E1,2.250610028E3,2.242910195E3,4.873350525E0,9.370116800E0,2.639848147E0,8.000000047E0,7.195128252E0,-1.000000000E0
4.518822247E2,1.936893808E1,-9.915271600E1,2.250856777E3,2.243157070E3,5.063554086E0,1.193019530E1,2.644421228E0,8.000000085E0,7.370821910E0,-1.000000000E0
4.528822074E2,1.936897845E1,-9.915270767E1,2.251377374E3,2.243677775E3,4.858766338E0,1.121401020E1,2.649397703E0,8.000000075E0,7.263550255E0,-1.000000000E0
4.538821892E2,1.936902237E1,-9.915269856E1,2.250381165E3,2.242681683E3,4.885570731E0,1.151972536E1,2.654970739E0,8.000000015E0,6.700855219E0,-1.000000000E0
4.548821702E2,1.936907245E1,-9.915269630E1,2.250585563E3,2.242886199E3,5.160371208E0,6.537368596E0,2.659763715E0,8.000000030E0,6.704939899E0,-1.000000000E0
4.558821530E2,1.936911460E1,-9.915268676E1,2.251157618E3,2.243458368E3,4.955896154E0,9.306843184E0,2.664322378E0,7.999999997E0,6.567811935E0,-1.000000000E0
4.568821353E2,1.936915497E1,-9.915267918E1,2.250873065E3,2.243173920E3,4.686489546E0,1.015312246E1,2.669521939E0,7.999999937E0,6.742531195E0,-1.000000000E0
4.578821161E2,1.936920053E1,-9.915266803E1,2.251355169E3,2.243656149E3,4.812280413E0,1.244781202E1,2.675205006E0,8.000000050E0,7.342006270E0,-1.000000000E0
4.588842012E2,1.936925152E1,-9.915266428E1,2.251131754E3,2.243432857E3,5.411034746E0,7.872377518E0,2.680369594E0,8.000000077E0,7.276189062E0,-1.000000000E0
4.598842129E2,1.936929727E1,-9.915265577E1,2.250933139E3,2.243234361E3,5.461315538E0,9.669487670E0,2.684739693E0,8.000000078E0,7.070699085E0,-1.000000000E0
4.608841972E2,1.936933300E1,-9.915263842E1,2.250794272E3,2.243095610E3,4.811100485E0,1.801284791E1,2.689599730E0,8.000000022E0,7.046342475E0,-1.000000000E0
4.618842088E2,1.936937634E1,-9.915263247E1,2.250343622E3,2.242645069E3,4.743217338E0,1.434258297E1,2.693630038E0,7.999999962E0,6.324398474E0,-1.000000000E0
4.628842202E2,1.936941232E1,-9.915262781E1,2.249716984E3,2.242018522E3,4.384056024E0,1.107654354E1,2.698172810E0,7.999999939E0,6.359403956E0,-1.000000000E0
4.638842030E2,1.936945302E1,-9.915262401E1,2.250199365E3,2.242501002E3,4.348992394E0,7.191351031E0,2.702173618E0,7.999999961E0,6.681324100E0,-1.000000000E0
4.648842131E2,1.936948882E1,-9.915262022E1,2.250807192E3,2.243108917E3,4.025437620E0,6.230429613E0,2.706251513E0,7.999999991E0,6.513621526E0,-1.000000000E0
4.658842219E2,1.936952544E1,-9.915261818E1,2.250636951E3,2.242938763E3,3.841525550E0,3.791524018E0,2.708890535E0,8.000000011E0,6.597487377E0,-1.000000000E0
4.668842028E2,1.936954844E1,-9.915261196E1,2.250728076E3,2.243029952E3,3.072580529E0,7.325831511E0,2.711663835E0,7.999999975E0,6.506144080E0,-1.000000000E0
4.678842091E2,1.936957254E1,-9.915260514E1,2.250870705E3,2.243172648E3,2.780056874E0,1.083294785E1,2.715177040E0,7.999999995E0,6.556289552E0,-1.000000000E0
4.688842161E2,1.936960056E1,-9.915258968E1,2.250323127E3,2.242625164E3,2.970865571E0,2.060561837E1,2.716859055E0,7.999999990E0,6.483984902E0,-1.000000000E0
4.698841994E2,1.936960979E1,-9.915257697E1,2.250536571E3,2.242838655E3,1.852836363E0,2.849081080E1,2.717604697E0,7.999999961E0,6.278456567E0,-1.000000000E0
4.708842060E2,1.936961281E1,-9.915257063E1,2.250001771E3,2.242303874E3,8.639899501E-1,3.606838159E1,2.718502685E0,7.999999963E0,6.523891722E0,-1.000000000E0
4.718842137E2,1.936961775E1,-9.915256385E1,2.249888018E3,2.242190145E3,6.472604684E-1,4.387857465E1,2.719823001E0,7.999999975E0,7.080396197E0,-1.000000000E0
4.728841918E2,1.936962564E1,-9.915255445E1,2.249887956E3,2.242190119E3,8.351676754E-1,4.598020823E1,2.722330828E0,7.999999974E0,7.213849932E0,-1.000000000E0
4.738841582E2,1.936963971E1,-9.915253577E1,2.250952104E3,2.243254336E3,1.741957409E0,4.790183431E1,2.725932301E0,7.999999981E0,6.738375780E0,-1.000000000E0
4.748841254E2,1.936966589E1,-9.915251555E1,2.250845885E3,2.243148216E3,2.634723661E0,4.320966246E1,2.729282865E0,7.999999964E0,6.646164515E0,-1.000000000E0
4.758840913E2,1.936969550E1,-9.915252147E1,2.250738891E3,2.243041277E3,2.581728370E0,1.607778645E1,2.734234448E0,7.999999916E0,6.537099614E0,-1.000000000E0
4.768840604E2,1.936973855E1,-9.915253356E1,2.250178545E3,2.242481005E3,3.573205293E0,3.589196329E2,2.737508280E0,7.999999839E0,6.521646676E0,-1.000000000E0
4.778840287E2,1.936976342E1,-9.915255025E1,2.250330921E3,2.242633404E3,3.201230559E0,3.435913612E2,2.740168025E0,7.999999930E0,6.330073746E0,-1.000000000E0
4.788839991E2,1.936978349E1,-9.915256405E1,2.249208101E3,2.241510602E3,2.830750378E0,3.369119271E2,2.742652857E0,7.999999942E0,6.378582668E0,-1.000000000E0
4.798839702E2,1.936980414E1,-9.915257311E1,2.248931586E3,2.241234115E3,2.723307838E0,3.385121376E2,2.745807938E0,7.999999968E0,6.746032973E0,-1.000000000E0
4.808839419E2,1.936983234E1,-9.915256984E1,2.249309603E3,2.241612202E3,2.888877929E0,3.527681560E2,2.750261784E0,8.000000008E0,7.240338625E0,-1.000000000E0
4.818839136E2,1.936987235E1,-9.915256772E1,2.249723780E3,2.242026474E3,3.697776213E0,3.588205888E2,"",8.000000053E0,7.577523102E0,-1.000000000E0